id,skill,skill2
1,"直接引爆木符石造成敵全體水屬性傷害
",
2,"直接引爆木符石造成敵全體水屬性傷害
",
3,"直接引爆木符石造成敵全體水屬性傷害
",
4,"直接引爆木符石造成敵全體水屬性傷害，並產生強化符石
",
5,"直接引爆水符石造成敵全體火屬性傷害
",
6,"直接引爆水符石造成敵全體火屬性傷害
",
7,"直接引爆水符石造成敵全體火屬性傷害
",
8,"直接引爆水符石造成敵全體火屬性傷害，並產生強化符石
",
9,"直接引爆火符石造成敵全體木屬性傷害
",
10,"直接引爆火符石造成敵全體木屬性傷害
",
11,"直接引爆火符石造成敵全體木屬性傷害
",
12,"直接引爆火符石造成敵全體木屬性傷害，並產生強化符石
",
13,"直接引爆暗符石造成敵全體光屬性傷害
",
14,"直接引爆暗符石造成敵全體光屬性傷害
",
15,"直接引爆暗符石造成敵全體光屬性傷害
",
16,"直接引爆暗符石造成敵全體光屬性傷害，並產生強化符石
",
17,"直接引爆光符石造成敵全體暗屬性傷害
",
18,"直接引爆光符石造成敵全體暗屬性傷害
",
19,"直接引爆光符石造成敵全體暗屬性傷害
",
20,"直接引爆光符石造成敵全體暗屬性傷害，並產生強化符石
",
21,"心符石轉化為水符石
",
22,"心符石轉化為水符石
",
23,"心符石轉化為水符石
",
24,"心符石轉化為水符石
",
25,"木符石轉化為心符石
",
26,"木符石轉化為心符石
",
27,"木符石轉化為心符石
",
28,"木符石轉化為心符石
",
29,"3 回合內，所受傷害減少 50%
",
30,"3 回合內，所受傷害減少 50%
",
31,"3 回合內，所受傷害減少 50%
",
32,"3 回合內，所受傷害減少 50%
",
33,"3 回合內，無視全體敵人 75% 的防禦力
",
34,"3 回合內，無視全體敵人 75% 的防禦力
",
35,"3 回合內，無視全體敵人 75% 的防禦力
",
36,"3 回合內，無視全體敵人 90% 的防禦力
",
37,"光符石轉化為心符石
",
38,"光符石轉化為心符石
",
39,"光符石轉化為心符石
",
40,"光符石轉化為心符石
",
41,"對敵方全體造成 5 倍水屬性傷害
",
42,"對敵方全體造成 5 倍水屬性傷害
",
43,"對敵方全體造成自身攻擊力 30 倍的水屬性傷害
",
44,"對敵方全體造成 5 倍火屬性傷害
",
45,"對敵方全體造成 5 倍火屬性傷害
",
46,"對敵方全體造成自身攻擊力 30 倍的火屬性傷害
",
47,"對敵方全體造成 5 倍木屬性傷害
",
48,"對敵方全體造成 5 倍木屬性傷害
",
49,"對敵方全體造成自身攻擊力 30 倍的木屬性傷害
",
50,"對敵方全體造成 5 倍光屬性傷害
",
51,"對敵方全體造成 5 倍光屬性傷害
",
52,"對敵方全體造成自身攻擊力 30 倍的光屬性傷害
",
53,"對敵方全體造成 5 倍暗屬性傷害
",
54,"對敵方全體造成 5 倍暗屬性傷害
",
55,"對敵方全體造成自身攻擊力 30 倍的暗屬性傷害
",
56,"對單一敵人造成 5 倍水屬性傷害
",
57,"心符石轉化為水符石
",
58,"對單一敵人造成 5 倍火屬性傷害
",
59,"心符石轉化為火符石
",
60,"對單一敵人造成 5 倍木屬性傷害
",
61,"心符石轉化為木符石
",
62,"對單一敵人造成 5 倍光屬性傷害
",
63,"心符石轉化為光符石
",
64,"對單一敵人造成 5 倍暗屬性傷害
",
65,"心符石轉化為暗符石
",
66,"回復自身回復力 5 倍的生命力
",
67,"回復自身回復力 10 倍的生命力
",
68,"回復自身回復力 5 倍的生命力
",
69,"回復自身回復力 10 倍的生命力
",
70,"回復自身回復力 5 倍的生命力
",
71,"回復自身回復力 10 倍的生命力
",
72,"回復自身回復力 5 倍的生命力
",
73,"回復自身回復力 10 倍的生命力
",
74,"回復自身回復力 5 倍的生命力
",
75,"回復自身回復力 10 倍的生命力
",
76,"對單一敵人造成 5 倍水屬性傷害
",
77,"對單一敵人造成 10 倍水屬性傷害
",
78,"對單一敵人造成 5 倍火屬性傷害
",
79,"對單一敵人造成 10 倍火屬性傷害
",
80,"對單一敵人造成 5 倍木屬性傷害
",
81,"對單一敵人造成 10 倍木屬性傷害
",
82,"對單一敵人造成 5 倍光屬性傷害
",
83,"對單一敵人造成 10 倍光屬性傷害
",
84,"對單一敵人造成 5 倍暗屬性傷害
",
85,"對單一敵人造成 10 倍暗屬性傷害
",
86,"進行 5 次水屬性攻擊
",
87,"進行 15 次水屬性攻擊
",
88,"進行 5 次火屬性攻擊
",
89,"進行 15 次火屬性攻擊
",
90,"進行 5 次木屬性攻擊
",
91,"進行 15 次木屬性攻擊
",
92,"進行 5 次光屬性攻擊
",
93,"進行 15 次光屬性攻擊
",
94,"進行 5 次暗屬性攻擊
",
95,"進行 15 次暗屬性攻擊
",
96,"進行 5 次水屬性攻擊
",
97,"火符石轉化為心符石
",
98,"進行 5 次火屬性攻擊
",
99,"木符石轉化為心符石
",
100,"進行 5 次木屬性攻擊
",
101,"水符石轉化為心符石
",
102,"進行 5 次光屬性攻擊
",
103,"暗符石轉化為心符石
",
104,"進行 5 次暗屬性攻擊
",
105,"光符石轉化為心符石
",
106,"對單一敵人造成 5 倍水屬性傷害
",
107,"3 回合內，無視全體敵人 75% 的防禦力
",
108,"對單一敵人造成 5 倍火屬性傷害
",
109,"3 回合內，無視全體敵人 75% 的防禦力
",
110,"對單一敵人造成 5 倍木屬性傷害
",
111,"3 回合內，無視全體敵人 75% 的防禦力
",
112,"對單一敵人造成 5 倍光屬性傷害
",
113,"3 回合內，無視全體敵人 75% 的防禦力
",
114,"對單一敵人造成 5 倍暗屬性傷害
",
115,"3 回合內，無視全體敵人 75% 的防禦力
",
116,"凍結敵方全體，使受影響目標無法行動並轉為水屬性，持續 3 回合
",
117,"凍結敵方全體，使受影響目標無法行動並轉為水屬性，持續 3 回合
",
118,"凍結敵方全體，使受影響目標無法行動並轉為水屬性，持續 3 回合
",
119,"6 秒內，可任意移動符石而不會發動消除
",
120,"8 秒內，可任意移動符石而不會發動消除
",
121,"10 秒內，可任意移動符石而不會發動消除
",
122,"敵方全體被寄生，每回合將吸取相當於自身回復力的生命力，此傷害無視防禦力及屬性並持續到死亡
",
123,"敵方全體被寄生，每回合將吸取相當於自身回復力的生命力，此傷害無視防禦力及屬性並持續到死亡
",
124,"敵方全體被寄生，每回合將吸取相當於自身回復力的生命力，此傷害無視防禦力及屬性並持續到死亡
",
125,"連續 5 回合大量恢復生命力
",
126,"連續 5 回合大量恢復生命力
",
127,"連續 5 回合大量恢復生命力
",
128,"敵方全體中毒，每回合將受到施技者攻擊力的傷害，此傷害無視防禦力及屬性並持續到死亡
",
129,"敵方全體中毒，每回合將受到施技者攻擊力的傷害，此傷害無視防禦力及屬性並持續到死亡
",
130,"敵方全體中毒，每回合將受到施技者攻擊力的傷害，此傷害無視防禦力及屬性並持續到死亡
",
131,"5 回合內，所受傷害減少 50%
",
132,"5 回合內，所受傷害減少 50%
",
133,"5 回合內，所受傷害減少 50%
",
134,"對敵方全體造成 5 倍火屬性傷害，此傷害無視防禦力
",
135,"對敵方全體造成 5 倍火屬性傷害，此傷害無視防禦力
",
136,"對敵方全體造成 5 倍火屬性傷害，此傷害無視防禦力
",
137,"對單一敵人造成 15 倍木屬性傷害，此傷害無視防禦力
",
138,"對單一敵人造成 15 倍木屬性傷害，此傷害無視防禦力
",
139,"對單一敵人造成 15 倍木屬性傷害，此傷害無視防禦力
",
140,"完全恢復生命力
",
141,"完全恢復生命力
",
142,"完全恢復生命力
",
143,"敵方生命力 20% 以下時，即殺
",
144,"敵方生命力 20% 以下時，即殺
",
145,"敵方生命力 20% 以下時，即殺
",
146,"火符石轉化為水符石
",
147,"火符石轉化為水符石
",
148,"火符石轉化為水符石
","以所受傷害 2 倍對敵方攻擊者進行水屬性反擊
"
149,"木符石轉化為火符石
",
150,"木符石轉化為火符石
",
151,"木符石轉化為火符石
","無視敵方屬性，每回合以自身攻擊力 3 倍追打 1 次 (需要消除符石)
"
152,"水符石轉化為木符石
",
153,"水符石轉化為木符石
",
154,"水符石轉化為木符石
","所受傷害 30% (不包括敵技傷害) 轉化為我方生命力
"
155,"暗符石轉化為光符石
",
156,"暗符石轉化為光符石
",
157,"暗符石轉化為光符石
","以所受傷害對敵方全體進行光屬性反擊
"
158,"光符石轉化為暗符石
",
159,"光符石轉化為暗符石
",
160,"光符石轉化為暗符石
","以所受傷害對敵方全體進行暗屬性反擊
"
161,"對敵方全體造成 10 倍水屬性傷害
",
162,"對敵方全體造成 10 倍水屬性傷害
",
163,"對敵方全體造成 15 倍水屬性傷害
","提升水屬性對火屬性目標的攻擊力 (包括主動技）
"
164,"對敵方全體造成 10 倍火屬性傷害
",
165,"對敵方全體造成 10 倍火屬性傷害
",
166,"對敵方全體造成 15 倍火屬性傷害
","提升火屬性對木屬性目標的攻擊力 (包括主動技）
"
167,"對敵方全體造成 10 倍木屬性傷害
",
168,"對敵方全體造成 10 倍木屬性傷害
",
169,"對敵方全體造成 15 倍木屬性傷害
","提升木屬性對水屬性目標的攻擊力 (包括主動技）
"
170,"對敵方全體造成 10 倍光屬性傷害
",
171,"對敵方全體造成 10 倍光屬性傷害
",
172,"對敵方全體造成 15 倍光屬性傷害
","提升光屬性對暗屬性目標的攻擊力 (包括主動技）
"
173,"對敵方全體造成 10 倍暗屬性傷害
",
174,"對敵方全體造成 10 倍暗屬性傷害
",
175,"對敵方全體造成 15 倍暗屬性傷害
","提升暗屬性對光屬性目標的攻擊力 (包括主動技）
"
176,"火符石轉化為心符石
",
177,"火符石轉化為心符石
",
178,"火符石轉化為心符石
",
179,"心符石轉化為火符石
",
180,"心符石轉化為火符石
",
181,"心符石轉化為火符石
",
182,"石化敵方全體，使受影響目標無法行動並轉為木屬性，持續 3 回合
",
183,"石化敵方全體，使受影響目標無法行動並轉為木屬性，持續 3 回合
",
184,"石化敵方全體，使受影響目標無法行動並轉為木屬性，持續 3 回合
",
185,"暗符石轉化為心符石
",
186,"暗符石轉化為心符石
",
187,"暗符石轉化為心符石
",
188,"心符石轉化為暗符石
",
189,"心符石轉化為暗符石
",
190,"心符石轉化為暗符石
",
191,"水屬性傷害持續提升，直至沒有水屬性傷害
",
192,"水屬性傷害持續提升，直至沒有水屬性傷害
",
193,"火屬性傷害持續提升，直至沒有火屬性傷害
",
194,"火屬性傷害持續提升，直至沒有火屬性傷害
",
195,"木屬性傷害持續提升，直至沒有木屬性傷害
",
196,"木屬性傷害持續提升，直至沒有木屬性傷害
",
197,"光屬性傷害持續提升，直至沒有光屬性傷害
",
198,"光屬性傷害持續提升，直至沒有光屬性傷害
",
199,"暗屬性傷害持續提升，直至沒有暗屬性傷害
",
200,"暗屬性傷害持續提升，直至沒有暗屬性傷害
",
201,"水符石轉化為水強化符石
",
202,"水符石轉化為水強化符石
",
203,"火符石轉化為火強化符石
",
204,"火符石轉化為火強化符石
",
205,"木符石轉化為木強化符石
",
206,"木符石轉化為木強化符石
",
207,"光符石轉化為光強化符石
",
208,"光符石轉化為光強化符石
",
209,"暗符石轉化為暗強化符石
",
210,"暗符石轉化為暗強化符石
",
211,"直接引爆木符石造成敵全體水屬性傷害
",
212,"直接引爆水屬性以外的符石造成敵方全體水屬性傷害
",
213,"直接引爆水符石造成敵全體火屬性傷害
",
214,"直接引爆火屬性以外的符石造成敵方全體火屬性傷害
",
215,"直接引爆火符石造成敵全體木屬性傷害
",
216,"直接引爆木屬性以外的符石造成敵方全體木屬性傷害
",
217,"直接引爆暗符石造成敵全體光屬性傷害
",
218,"直接引爆光屬性以外的符石造成敵方全體光屬性傷害
",
219,"直接引爆光符石造成敵全體暗屬性傷害
",
220,"直接引爆暗屬性以外的符石造成敵方全體暗屬性傷害
",
221,"火符石與心符石轉化為水符石
",
222,"火符石與心符石轉化為水符石
",
223,"木符石與心符石轉化為火符石
",
224,"木符石與心符石轉化為火符石
",
225,"水符石與心符石轉化為木符石
",
226,"水符石與心符石轉化為木符石
",
227,"1 回合內，無視全體敵人的防禦力
",
228,"1 回合內，無視全體敵人的防禦力
",
229,"8 秒內，可任意移動符石而不會發動消除
",
230,"20 秒內，可任意移動符石而不會發動消除
",
231,"對敵方全體造成 15 倍水屬性傷害
",
232,"對敵方全體造成自身攻擊力 30 倍的水屬性傷害
",
233,"對敵方全體造成 15 倍火屬性傷害
",
234,"對敵方全體造成自身攻擊力 30 倍的火屬性傷害
",
235,"對敵方全體造成 15 倍木屬性傷害
",
236,"對敵方全體造成自身攻擊力 30 倍的木屬性傷害
",
237,"對敵方全體造成 15 倍光屬性傷害
",
238,"對敵方全體造成自身攻擊力 30 倍的光屬性傷害
",
239,"對敵方全體造成 15 倍暗屬性傷害
",
240,"對敵方全體造成自身攻擊力 30 倍的暗屬性傷害
",
241,"對敵方全體造成 3 倍水屬性傷害
",
242,"對敵方全體造成 3 倍火屬性傷害
",
243,"對敵方全體造成 3 倍木屬性傷害
",
244,"對敵方全體造成 3 倍光屬性傷害
",
245,"對敵方全體造成 3 倍暗屬性傷害
",
246,"對敵方全體造成 3 倍水屬性傷害
",
247,"對敵方全體造成 3 倍火屬性傷害
",
248,"對敵方全體造成 3 倍木屬性傷害
",
249,"對敵方全體造成 3 倍光屬性傷害
",
250,"對敵方全體造成 3 倍暗屬性傷害
",
251,"對敵方全體造成 3 倍水屬性傷害
",
252,"對敵方全體造成 3 倍火屬性傷害
",
253,"對敵方全體造成 3 倍木屬性傷害
",
254,"對敵方全體造成 3 倍光屬性傷害
",
255,"對敵方全體造成 3 倍暗屬性傷害
",
256,"對敵方全體造成 3 倍水屬性傷害
",
257,"對敵方全體造成 3 倍火屬性傷害
",
258,"對敵方全體造成 3 倍木屬性傷害
",
259,"對敵方全體造成 3 倍光屬性傷害
",
260,"對敵方全體造成 3 倍暗屬性傷害
",
261,"3 回合內，所受傷害減少 50%
",
262,"3 回合內，所受傷害減少 50%
",
263,"3 回合內，所受傷害減少 50%
",
264,"進行 5 次火屬性攻擊
",
265,"進行 5 次火屬性攻擊
",
266,"進行 5 次火屬性攻擊
",
267,"敵方全體被寄生，每回合將吸取相當於自身回復力的生命力，此傷害無視防禦力及屬性並持續到死亡
",
268,"敵方全體被寄生，每回合將吸取相當於自身回復力的生命力，此傷害無視防禦力及屬性並持續到死亡
",
269,"敵方全體被寄生，每回合將吸取相當於自身回復力的生命力，此傷害無視防禦力及屬性並持續到死亡
",
270,"對敵方全體造成 3 倍水屬性傷害
",
271,"對敵方全體造成 3 倍火屬性傷害
",
272,"對敵方全體造成 3 倍木屬性傷害
",
273,"對敵方全體造成 3 倍光屬性傷害
",
274,"對敵方全體造成 3 倍暗屬性傷害
",
275,"對敵方全體造成 3 倍水屬性傷害
",
276,"對敵方全體造成 3 倍火屬性傷害
",
277,"對敵方全體造成 3 倍木屬性傷害
",
278,"對敵方全體造成 3 倍光屬性傷害
",
279,"對敵方全體造成 3 倍暗屬性傷害
",
280,"對敵方全體造成 3 倍水屬性傷害
",
281,"對敵方全體造成 3 倍火屬性傷害
",
282,"對敵方全體造成 3 倍木屬性傷害
",
283,"對敵方全體造成 3 倍光屬性傷害
",
284,"對敵方全體造成 3 倍暗屬性傷害
",
285,"所有符石隨機轉換，同時心符石出現率上升
",
286,"完全恢復生命力
",
287,"1 回合內，自身生命力愈低，全隊攻擊力愈高，最大 2.5 倍
",
288,"暗符石與心符石轉化為光符石
",
289,"光符石與心符石轉化為暗符石
",
290,"回復相當於龍類成員的生命力
",
291,"對敵方全體造成 10 倍暗屬性傷害
",
292,"石化敵方全體，使受影響目標無法行動並轉為木屬性，持續 3 回合
",
293,"魔族攻擊力減至 0 及光屬性成員攻擊力減至 50%，並將被減去的攻擊力加入自身攻擊力。消除光符石才會發動攻擊 (效果會在再次發動此技能或死亡後消失)
",
294,"累積 3 回合內敵方所受傷害的 70% 再爆發 (不包括無屬性傷害)，此傷害無視屬性及防禦力
",
295,"累積 3 回合內敵方所受傷害的 70% 再爆發 (不包括無屬性傷害)，此傷害無視屬性及防禦力
",
296,"累積 3 回合內敵方所受傷害的 70% 再爆發 (不包括無屬性傷害)，此傷害無視屬性及防禦力
",
297,"敵方全體點燃，使受影響目標轉為火屬性並受到自身攻擊力 30 倍火屬性傷害，持續 3 回合
",
298,"敵方全體點燃，使受影響目標轉為火屬性並受到自身攻擊力 30 倍火屬性傷害，持續 3 回合
",
299,"敵方全體點燃，使受影響目標轉為火屬性並受到自身攻擊力 30 倍火屬性傷害，持續 3 回合
",
300,"3 回合內，敵方所受傷害的 20% 轉化為我方生命力
",
301,"3 回合內，敵方所受傷害的 20% 轉化為我方生命力
",
302,"3 回合內，敵方所受傷害的 20% 轉化為我方生命力
",
303,"3 回合內，敵方所受傷害的 50% 分別擴散到其他敵人身上
",
304,"3 回合內，敵方所受傷害的 50% 分別擴散到其他敵人身上
",
305,"3 回合內，敵方所受傷害的 50% 分別擴散到其他敵人身上
",
306,"3 回合內，敵方互相或自我進行1次攻擊
",
307,"3 回合內，敵方互相或自我進行1次攻擊
",
308,"3 回合內，敵方互相或自我進行1次攻擊
",
309,"火符石轉化為心符石
",
310,"火符石轉化為心符石
",
311,"木符石轉化為心符石
",
312,"木符石轉化為心符石
",
313,"水符石轉化為心符石
",
314,"水符石轉化為心符石
",
315,"對單一敵人造成 15,000點 光屬性傷害，此傷害無視防禦力
",
316,"對單一敵人造成 15,000點 光屬性傷害，此傷害無視防禦力
",
317,"對單一敵人造成 15,000點 暗屬性傷害，此傷害無視防禦力
",
318,"對單一敵人造成 15,000點 暗屬性傷害，此傷害無視防禦力
",
319,"對單一敵人造成 10 倍水屬性傷害
",
320,"心符石轉化為水符石，同時將火符石轉化為心符石
",
321,"對單一敵人造成 10 倍火屬性傷害
",
322,"心符石轉化為火符石，同時將木符石轉化為心符石
",
323,"對單一敵人造成 10 倍木屬性傷害
",
324,"心符石轉化為木符石，同時將水符石轉化為心符石
",
325,"對單一敵人造成 10 倍光屬性傷害
",
326,"心符石轉化為光符石，同時將暗符石轉化為心符石
",
327,"對單一敵人造成 10 倍暗屬性傷害
",
328,"心符石轉化為暗符石，同時將光符石轉化為心符石
",
329,"火符石轉化為心強化符石
",
330,"木符石轉化為心強化符石
",
331,"水符石轉化為心強化符石
",
332,"暗符石轉化為心強化符石
",
333,"光符石轉化為心強化符石
",
334,"回復自身回復力 15 倍的生命力
",
335,"回復自身回復力 15 倍的生命力
",
336,"回復自身回復力 15 倍的生命力
",
337,"回復自身回復力 15 倍的生命力
",
338,"回復自身回復力 15 倍的生命力
",
339,"對單一敵人造成 15 倍水屬性傷害
",
340,"對單一敵人造成 15 倍火屬性傷害
",
341,"對單一敵人造成 15 倍木屬性傷害
",
342,"對單一敵人造成 15 倍光屬性傷害
",
343,"對單一敵人造成 15 倍暗屬性傷害
",
344,"我方回復力減至 0，並將每個成員自身回復力的 2.5 倍各自加入自身攻擊力 (效果會在再次發動此技能或死亡後消失)
",
345,"我方回復力減至 0，並將每個成員自身回復力的 2.5 倍各自加入自身攻擊力 (效果會在再次發動此技能或死亡後消失)
",
346,"所有成員攻擊力提升 1.5 倍，同時火符石掉落機率提升，但受到的傷害提升 1.5 倍 (效果會在再次發動此技能或死亡後消失）
",
347,"所有成員攻擊力提升 1.5 倍，同時火符石掉落機率提升，但受到的傷害提升 1.5 倍 (效果會在再次發動此技能或死亡後消失）
",
348,"達成 4 連擊(Combo) 或以上才會發動攻擊和回復，連擊 (Combo) 時攻擊力提升 25%，期間所有減傷效果無效 (效果會在再次發動此技能或死亡後消失）
",
349,"達成 4 連擊(Combo) 或以上才會發動攻擊和回復，連擊 (Combo) 時攻擊力提升 25%，期間所有減傷效果無效 (效果會在再次發動此技能或死亡後消失）
",
350,"1 回合內，其他屬性符石兼具水符石 50% 效果
",
351,"1 回合內，其他屬性符石兼具火符石 50% 效果
",
352,"1 回合內，其他屬性符石兼具木符石 50% 效果
",
353,"1 回合內，其他屬性符石兼具光符石 50% 效果
",
354,"1 回合內，其他屬性符石兼具暗符石 50% 效果
",
355,"暈擊敵方全體，使受影響目標無法行動 5 回合，但效果會因受到攻擊而消失
",
356,"暈擊敵方全體，使受影響目標無法行動 5 回合，但效果會因受到攻擊而消失
",
357,"在全部或最少 4 個成員可發動主動技時 ，發動此技會將所有成員技能 CD 重置，提升全隊攻擊力 2 倍並持續 8 回合
",
358,"在全部或最少 4 個成員可發動主動技時 ，發動此技會將所有成員技能 CD 重置，提升全隊攻擊力 2 倍並持續 8 回合
",
359,"光符石轉化為心強化符石
",
360,"光符石轉化為心強化符石
",
361,"消耗現有一半的生命力， 以 125 倍自身攻擊力對敵方全體造成無屬性傷害
",
362,"消耗現有一半的生命力， 以 125 倍自身攻擊力對敵方全體造成無屬性傷害
",
363,"在全部或最少 4 個成員可發動主動技時 ，發動此技會將所有成員技能 CD 重置，提升全隊攻擊力 2 倍並持續 8 回合
",
364,"在全部或最少 4 個成員可發動主動技時 ，發動此技會將所有成員技能 CD 重置，提升全隊攻擊力 2 倍並持續 8 回合
",
365,"單體攻擊轉化為全體攻擊，持續 3 回合
",
366,"單體攻擊轉化為全體攻擊，持續 3 回合
",
367,"2 回合內，以神族及魔族其中造成的最大傷害轉換為全隊神族及魔族的傷害
",
368,"2 回合內，以神族及魔族其中造成的最大傷害轉換為全隊神族及魔族的傷害
",
369,"心符石轉化為暗符石，同時將光符石轉化為心符石
",
370,"心符石轉化為暗符石，同時將光符石轉化為心符石
",
371,"1 回合內，單體攻擊時全隊追打火屬性攻擊1 次
",
372,"1 回合內，單體攻擊時全隊追打火屬性攻擊1 次
",
373,"將等同於累積戰鬥回合 (需要消除符石) +1 數量的符石轉化為木符石，最多 8 粒。發動技能後可轉換符石數將重新累積
",
374,"將等同於累積戰鬥回合 (需要消除符石) +1 數量的符石轉化為木符石，最多 8 粒。發動技能後可轉換符石數將重新累積
",
375,"1 回合內不能對敵方造成傷害，下一回合全隊攻擊力提升 2 倍
",
376,"1 回合內不能對敵方造成傷害，下一回合全隊攻擊力提升 2 倍
",
377,"將累積戰鬥回合 (需要消除符石) +1 數量的符石轉化為水符石，最多 8 粒。發動技能後可轉換符石數將重新累積
",
378,"將累積戰鬥回合 (需要消除符石) +1 數量的符石轉化為水符石，最多 8 粒。發動技能後可轉換符石數將重新累積
",
379,"對敵方全體造成 3 倍水屬性傷害
",
380,"對敵方全體造成 3 倍火屬性傷害
",
381,"對敵方全體造成 3 倍木屬性傷害
",
382,"對敵方全體造成 3 倍光屬性傷害
",
383,"對敵方全體造成 3 倍暗屬性傷害
",
384,"對敵方全體造成 5 倍光屬性傷害
",
385,"敵方全體中毒，每回合將受到施技者攻擊力的傷害，此傷害無視防禦力及屬性並持續到死亡
",
386,"敵方全體中毒，每回合將受到施技者攻擊力的傷害，此傷害無視防禦力及屬性並持續到死亡
",
387,"敵方全體中毒，每回合將受到施技者攻擊力的傷害，此傷害無視防禦力及屬性並持續到死亡
",
388,"2 回合內，敵方全體轉為火屬性，並提升水屬性對火屬性目標的攻擊力
",
389,"2 回合內，敵方全體轉為火屬性，並提升水屬性對火屬性目標的攻擊力
","魔族攻擊力 2.5 倍
"
390,"2 回合內，敵方全體轉為木屬性，並提升火屬性對木屬性目標的攻擊力
",
391,"2 回合內，敵方全體轉為木屬性，並提升火屬性對木屬性目標的攻擊力
","魔族攻擊力，生命力及回復力 1.5 倍
"
392,"心符石轉化為木符石
",
393,"心符石轉化為木符石
","魔族攻擊力 2 倍及生命力 1.5 倍
"
394,"心符石轉化為光符石，同時將暗符石轉化為心符石
",
395,"心符石轉化為光符石，同時將暗符石轉化為心符石
","光屬性攻擊力 1.5 倍，同時心符石兼具 50% 光符石效果
"
396,"消耗現有一半的生命力，並同時消耗敵方現有 30% 生命力
",
397,"消耗現有一半的生命力，並同時消耗敵方現有 30% 生命力
","魔族攻擊力 2 倍及回復力 1.5 倍
"
398,"對敵方全體造成 3 倍光屬性傷害
",
399,"12 秒內，可任意移動符石而不會發動消除
",
400,"凍結敵方全體，使受影響目標無法行動並轉為水屬性，持續 3 回合
",
401,"心符石的掉落機率降至 0，並將原有機率增加至光符石的掉落機率 (效果會在再次發動此技能或死亡後消失)
",
402,"心符石的掉落機率降至 0，並將原有機率增加至暗符石的掉落機率 (效果會在再次發動此技能或死亡後消失)
",
403,"對單一敵人造成 500 點無屬性傷害，此傷害無視防禦力
",
404,"對單一敵人造成 500 點無屬性傷害，此傷害無視防禦力
",
405,"對單一敵人造成 500 點無屬性傷害，此傷害無視防禦力
",
406,"對單一敵人造成 500 點無屬性傷害，此傷害無視防禦力
",
407,"對單一敵人造成 500 點無屬性傷害，此傷害無視防禦力
",
408,"額外增加 3 行符石，大幅延長移動符石時間至 10 秒，並提升水屬性攻擊力
",
409,"額外增加 3 行符石，大幅延長移動符石時間至 10 秒，並提升火屬性攻擊力
",
410,"額外增加 3 行符石，大幅延長移動符石時間至 10 秒，並提升木屬性攻擊力
",
411,"額外增加 3 行符石，大幅延長移動符石時間至 10 秒，並提升光屬性攻擊力
",
412,"額外增加 3 行符石，大幅延長移動符石時間至 10 秒，並提升暗屬性攻擊力
",
413,"2 回合內，以龍類其中造成的最大傷害轉換為全隊龍類的傷害
",
414,"2 回合內，以龍類其中造成的最大傷害轉換為全隊龍類的傷害
",
415,"心符石轉化為火符石
",
416,"心符石轉化為火符石
",
417,"1 回合內，所受傷害將會以龍類的數量而減少
",
418,"1 回合內，所受傷害將會以龍類的數量而減少
",
419,"心符石轉化為光符石
",
420,"心符石轉化為光符石
",
421,"龍類攻擊力減至 0，並將龍類攻擊力加入自身攻擊力，消除暗符石才會發動攻擊 (效果會在再次發動此技能或死亡後消失）
",
422,"龍類攻擊力減至 0，並將龍類攻擊力加入自身攻擊力，消除暗符石才會發動攻擊 (效果會在再次發動此技能或死亡後消失）
",
423,"對單一敵人造成 5 倍木屬性傷害
",
424,"對單一敵人造成 5 倍火屬性傷害
",
425,"對單一敵人造成 5 倍水屬性傷害
",
426,"對敵方全體造成 10 倍水屬性傷害
",
427,"對敵方全體造成 10 倍火屬性傷害
",
428,"對敵方全體造成 10 倍木屬性傷害
",
429,"回復自身回復力 10 倍的生命力
",
430,"回復自身回復力 10 倍的生命力
",
431,"回復效果提升 2 倍，直至沒有消除心符石 (不包括主動及隊長技)
",
432,"心符石轉化為水符石，同時將火符石轉化為心符石
",
433,"心符石轉化為水符石，同時將火符石轉化為心符石
",
434,"心符石轉化為火符石，同時將木符石轉化為心符石
",
435,"心符石轉化為火符石，同時將木符石轉化為心符石
",
436,"心符石轉化為木符石，同時將水符石轉化為心符石
",
437,"心符石轉化為木符石，同時將水符石轉化為心符石
",
438,"將 3 粒符石轉化為心符石 (火符石優先轉換) ，使用後有一定機會可即時再次發動技能
",
439,"將 3 粒符石轉化為心符石 (木符石優先轉換) ，使用後有一定機會可即時再次發動技能
",
440,"將 3 粒符石轉化為心符石 (水符石優先轉換) ，使用後有一定機會可即時再次發動技能
",
441,"將 3 粒符石轉化為心符石 (暗符石優先轉換) ，使用後有一定機會可即時再次發動技能
",
442,"將 3 粒符石轉化為心符石 (光符石優先轉換) ，使用後有一定機會可即時再次發動技能
",
443,"對敵方全體造成 3 倍水屬性傷害
",
444,"對敵方全體造成 3 倍火屬性傷害
",
445,"對敵方全體造成 3 倍木屬性傷害
",
446,"對敵方全體造成 3 倍光屬性傷害
",
447,"對敵方全體造成 3 倍暗屬性傷害
",
448,"1 回合內，消除三種或以上屬性符石，獸類攻擊力 2 倍
",
449,"對敵方全體進行火屬性攻擊，隊伍中龍族成員愈多，攻擊力愈高，每擊斃 1 個敵人回復自身總生命力 20%
",
450,"1 回合內，光符石及暗符石兼具自身屬性符石效果
",
451,"心符石轉化為水符石
",
452,"心符石轉化為火符石
",
453,"心符石轉化為木符石
",
454,"心符石轉化為光符石
",
455,"心符石轉化為暗符石
",
456,"對敵方全體進行 20 次水屬性攻擊
",
457,"對敵方全體進行 20 次火屬性攻擊
",
458,"對敵方全體進行 20 次木屬性攻擊
",
459,"對敵方全體進行 20 次光屬性攻擊
",
460,"對敵方全體進行 20 次暗屬性攻擊
",
461,"3 回合內，無視全體敵人 75% 的防禦力
",
462,"3 回合內，無視全體敵人 75% 的防禦力
",
463,"3 回合內，無視全體敵人 75% 的防禦力
",
464,"3 回合內，無視全體敵人 75% 的防禦力
",
465,"3 回合內，無視全體敵人 75% 的防禦力
",
466,"全隊攻擊力提升 1.5 倍，技能發動回合擊斃敵人的數量總和，將轉化為效果持續回合 (主動技能除外)
",
467,"全隊攻擊力提升 1.5 倍，技能發動回合擊斃敵人的數量總和，將轉化為效果持續回合 (主動技能除外)
",
468,"單體攻擊轉化為全體攻擊，技能發動回合擊斃敵人的數量總和，將轉化為效果持續回合 (主動技能除外)
",
469,"單體攻擊轉化為全體攻擊，技能發動回合擊斃敵人的數量總和，將轉化為效果持續回合 (主動技能除外)
",
470,"全隊攻擊力提升 1.5 倍，技能發動回合擊斃敵人的數量總和，將轉化為效果持續回合 (主動技能除外)
",
471,"全隊攻擊力提升 1.5 倍，技能發動回合擊斃敵人的數量總和，將轉化為效果持續回合 (主動技能除外)
",
472,"全隊攻擊力提升 1.5 倍，技能發動回合擊斃敵人的數量總和，將轉化為效果持續回合 (主動技能除外)
",
473,"全隊攻擊力提升 1.5 倍，技能發動回合擊斃敵人的數量總和，將轉化為效果持續回合 (主動技能除外)
",
474,"單體攻擊轉化為全體攻擊，技能發動回合擊斃敵人的數量總和，將轉化為效果持續回合 (主動技能除外)
",
475,"單體攻擊轉化為全體攻擊，技能發動回合擊斃敵人的數量總和，將轉化為效果持續回合 (主動技能除外)
",
476,"大幅延長移動符石時間至 15 秒
",
477,"大幅延長移動符石時間至 15 秒
",
478,"大幅延長移動符石時間至 15 秒
",
479,"15 秒內，可任意移動符石而不會發動消除
",
480,"2 回合內，水符石兼具心符石效果
",
481,"凍結敵方全體，使受影響目標無法行動並轉為水屬性，持續 3 回合，效果期間延長移動符石時間 5 秒
",
482,"10 秒內，可任意移動符石而不會發動消除，達成 8 連擊 (Combo) 或以上，火屬性攻擊力 2 倍
",
483,"敵方全體被寄生，每回合將吸取相當於自身 2 倍回復力的生命力，此傷害無視防禦力、屬性及敵方技能，並持續到死亡，效果最多可疊加 3 次
",
484,"連續 5 回合回復自身回復力10倍的生命力
",
485,"1 回合內，全隊攻擊力 1.5 倍，並解除所有成員被封鎖的技能及清除敵人身上的控制技能 (此技能無視封鎖技能)。發動技能的回合若擊斃所有敵人，下一回合全隊攻擊力 2.5 倍
",
486,"對單一敵人造成 10 倍水屬性傷害
",
487,"對單一敵人造成 10 倍火屬性傷害
",
488,"對單一敵人造成 10 倍木屬性傷害
",
489,"對單一敵人造成 10 倍光屬性傷害
",
490,"對單一敵人造成 10 倍暗屬性傷害
",
491,"3 回合內，隊伍不會被封鎖主動技能
",
492,"3 回合內，隊伍不受連擊技能影響
",
493,"3 回合內，隊伍不受中毒技能影響
",
494,"1 回合內，受敵人反擊傷害減少 100%
",
495,"指定敵人無法在死亡後對召喚師造成傷害
",
496,"將與累積戰鬥回合數同等數量的符石轉為心符石，最多 7 粒。發動技能後會將累積戰鬥回合數重置
",
497,"心符石轉化為光符石，同時將暗符石轉化為心符石
",
498,"心符石轉化為光符石，同時將暗符石轉化為心符石
",
499,"心符石轉化為暗符石，同時將光符石轉化為心符石
",
500,"心符石轉化為暗符石，同時將光符石轉化為心符石
",
501,"1 回合內不能對敵方造成傷害，下一回會追加上回的連擊 (Combo) 數目對敵人進行攻擊
",
502,"回復自身回復力 10 倍的生命力
",
503,"回復自身回復力 10 倍的生命力
",
504,"回復自身回復力 10 倍的生命力
",
505,"回復自身回復力 10 倍的生命力
",
506,"水符石轉化為水強化符石
",
507,"火符石轉化為火強化符石
",
508,"木符石轉化為木強化符石
",
509,"光符石轉化為光強化符石
",
510,"暗符石轉化為暗強化符石
",
511,"心符石轉化為水符石
",
512,"木符石轉化為心符石
",
513,"3 回合內，所受傷害減少 60%
",
514,"無視全體敵人 90% 的防禦力，持續 3 回合；並延遲其行動 1 回合
",
515,"光符石轉化為心符石
",
516,"對敵方全體造成 10 倍火屬性傷害
",
517,"對敵方全體造成 10 倍水屬性傷害
",
518,"對敵方全體造成 10 倍光屬性傷害
",
519,"回復 50% 生命力
",
520,"回復 50% 生命力
",
521,"對敵方全體進行 5 次水屬性攻擊
",
522,"心符石轉化為水強化符石
",
523,"對敵方全體進行 5 次火屬性攻擊
",
524,"心符石轉化為火強化符石
",
525,"對敵方全體進行 5 次木屬性攻擊
",
526,"心符石轉化為木強化符石
",
527,"對敵方全體進行 5 次光屬性攻擊
",
528,"心符石轉化為光強化符石
",
529,"對敵方全體進行 5 次暗屬性攻擊
",
530,"心符石轉化為暗強化符石
",
531,"3 回合內，心符石的掉落機率降至 0，並將原有機率增加至水符石的掉落機率
",
532,"3 回合內，心符石的掉落機率降至 0，並將原有機率增加至水符石的掉落機率
",
533,"木符石轉化為心強化符石
",
534,"木符石轉化為心強化符石
",
535,"2 回合內，敵方全體轉為水屬性，並提升木屬性對水屬性目標的攻擊力
",
536,"2 回合內，敵方全體轉為水屬性，並提升木屬性對水屬性目標的攻擊力
",
537,"暗符石轉化為心強化符石
",
538,"暗符石轉化為心強化符石
",
539,"心符石轉化為暗強化符石
",
540,"心符石轉化為暗強化符石
",
541,"對敵方全體造成 5 倍火屬性傷害
",
542,"將所有符石轉化為水符石
",
543,"1 回合內，光符石及暗符石兼具火符石效果
",
544,"1 回合內，全隊攻擊力 1.5 倍，並延長移動符石時間至 8 秒
",
545,"於移動符石時間內，可任意移動符石而不會發動消除，效果持續 2 回合
",
546,"對敵方全體進行 3 次水屬性攻擊
",
547,"對敵方全體進行 3 次火屬性攻擊
",
548,"對敵方全體進行 3 次木屬性攻擊
",
549,"對敵方全體進行 3 次光屬性攻擊
",
550,"對敵方全體進行 3 次暗屬性攻擊
",
551,"2 回合內，水屬性攻擊力 1.5 倍
",
552,"2 回合內，水屬性攻擊力 1.5 倍
",
553,"2 回合內，火屬性攻擊力 1.5 倍
",
554,"2 回合內，火屬性攻擊力 1.5 倍
",
555,"2 回合內，木屬性攻擊力 1.5 倍
",
556,"2 回合內，木屬性攻擊力 1.5 倍
",
557,"2 回合內，光屬性攻擊力 1.5 倍
",
558,"2 回合內，光屬性攻擊力 1.5 倍
",
559,"2 回合內，暗屬性攻擊力 1.5 倍
",
560,"2 回合內，暗屬性攻擊力 1.5 倍
",
561,"1 回合內，迴避所有敵人的攻擊
",
562,"所有符石轉化為強化符石
",
563,"1 回合內，所有符石兼具光符石 50% 效果
",
564,"對敵方全體造成 50 倍自身攻擊力的無屬性傷害
",
565,"1 回合內，每個獸類成員追打攻擊 1 次
",
566,"2 回合內，自身攻擊力 3 倍。若身旁的成員同為獸類，同得此效果
",
567,"1 回合內，達成 4 連擊 (Combo) 或以下，回復 20,000 點生命力；反之，所有成員攻擊力 2 倍。連擊 (Combo) 只計算首批消除的符石
",
568,"全隊攻擊力提升 1.5 倍，技能發動回合擊斃敵人的數量總和，將轉化為效果持續回合 (主動技能除外)
",
569,"1 回合內，達成 4 連擊 (Combo) 或以下，所受傷害減少 80%；反之，所有成員攻擊力 2 倍。連擊 (Combo) 只計算首批消除的符石
",
570,"1 回合內，自身攻擊力 10 倍。(攻擊力不可與其他成員共享)
",
571,"火符石轉化為心符石
",
572,"木符石轉化為心符石
",
573,"水符石轉化為心符石
",
574,"對全體敵人造成 15,000 點光屬性傷害，此傷害無視防禦力
",
575,"對全體敵人造成 15,000 點暗屬性傷害，此傷害無視防禦力
",
576,"對敵方全體進行 3 次火屬性攻擊
",
577,"對敵方全體進行 3 次水屬性攻擊
",
578,"對敵方全體進行 3 次暗屬性攻擊
",
579,"1 回合內，自身生命力愈高，攻擊力愈高，最大 2 倍
",
580,"將所有符石轉化為暗符石
",
581,"3 回合內，心符石的掉落機率降至 0，並將原有機率增加至水符石的掉落機率
",
582,"消除所有附加效果，每個消除的效果對敵方全體造成 50,000 點無屬性傷害
",
583,"1 回合內，所受傷害將會以龍類的數量而減少
",
584,"單體攻擊轉化為全體攻擊，持續 3 回合
",
585,"單體攻擊轉化為全體攻擊，技能發動回合擊斃敵人的數量總和，將轉化為效果持續回合 (主動技能除外)
",
586,"將所有符石轉為心符石
",
587,"1 回合內，自身生命力愈低，光屬性攻擊力愈高，最大 2.5 倍
",
588,"心符石的掉落機率降至 0，並將原有機率增加至光符石的掉落機率 (效果會在再次發動此技能或死亡後消失)
",
589,"心符石的掉落機率降至 0，並將原有機率增加至暗符石的掉落機率 (效果會在再次發動此技能或死亡後消失)
",
590,"將所有符石轉化為木符石
",
591,"火符石與心符石轉化為水符石；同時將木符石轉換為心符石
",
592,"木符石與心符石轉化為火符石；同時將水符石轉換為心符石
",
593,"水符石與心符石轉化為木符石；同時將火符石轉換為心符石
",
594,"3 回合內，無視全體敵人的防禦力
",
595,"20 秒內，可任意移動符石而不會發動消除；消除的符石數目愈多，攻擊力提升愈多，最大 1.9 倍 (只計算首批消除的符石數目)
",
596,"1 回合內，達成 4 連擊 (Combo) 或以下，回復 20,000 點生命力；反之，所有成員攻擊力 2 倍。連擊 (Combo) 只計算首批消除的符石
",
597,"1 回合內，達成 4 連擊 (Combo) 或以下，回復 20,000 點生命力；反之，所有成員攻擊力 2 倍。連擊 (Combo) 只計算首批消除的符石
","當隊伍中只有人類及 2 個或以上龍類成員時，人類攻擊力 4.5 倍，龍類攻擊力 3.5 倍
"
598,"1 回合內，達成 4 連擊 (Combo) 或以下，回復 20,000 點生命力；反之，所有成員攻擊力 2 倍。連擊 (Combo) 只計算首批消除的符石
",
599,"1 回合內，達成 4 連擊 (Combo) 或以下，回復 20,000 點生命力；反之，所有成員攻擊力 2 倍。連擊 (Combo) 只計算首批消除的符石
","當隊伍中只有人類及 2 個或以上龍類成員時，人類攻擊力 4.5 倍，龍類攻擊力 3.5 倍
"
600,"1 回合內，達成 4 連擊 (Combo) 或以下時，無視全體敵人的防禦力；反之，所有成員攻擊力 2 倍。連擊 (Combo) 只計算首批消除的符石
",
601,"1 回合內，達成 4 連擊 (Combo) 或以下時，無視全體敵人的防禦力；反之，所有成員攻擊力 2 倍。連擊 (Combo) 只計算首批消除的符石
","當隊伍中只有人類及 2 個或以上獸類或妖精類成員時，人類攻擊力 4.5 倍，獸類及妖精類攻擊力 3.5 倍
"
602,"1 回合內，達成 4 連擊 (Combo) 或以下，所受傷害減少 80%；反之，所有成員攻擊力 2 倍。連擊 (Combo) 只計算首批消除的符石
",
603,"1 回合內，達成 4 連擊 (Combo) 或以下，所受傷害減少 80%；反之，所有成員攻擊力 2 倍。連擊 (Combo) 只計算首批消除的符石
","當隊伍中只有人類及 2 個或以上魔族或妖精類成員時，人類攻擊力 4.5 倍，魔族及妖精類攻擊力 3.5 倍
"
604,"1 回合內，達成 4 連擊 (Combo) 或以下時，無視全體敵人的防禦力；反之，所有成員攻擊力 2 倍。連擊 (Combo) 只計算首批消除的符石
",
605,"1 回合內，達成 4 連擊 (Combo) 或以下時，無視全體敵人的防禦力；反之，所有成員攻擊力 2 倍。連擊 (Combo) 只計算首批消除的符石
","當隊伍中只有人類及 2 個或以上神族成員時，人類攻擊力 4.5 倍，神族攻擊力 3.5 倍
"
606,"火符石轉化為心符石
",
607,"木符石轉化為心符石
",
608,"水符石轉化為心符石
",
609,"暗符石轉化為心符石
",
610,"光符石轉化為心符石
",
611,"將 3 粒符石轉化為水符石 (心符石優先轉換)，使用後有一定機會可即時再次發動技能
",
612,"將 3 粒符石轉化為火符石 (心符石優先轉換)，使用後有一定機會可即時再次發動技能
",
613,"將 3 粒符石轉化為木符石 (心符石優先轉換)，使用後有一定機會可即時再次發動技能
",
614,"將 3 粒符石轉化為光符石 (心符石優先轉換)，使用後有一定機會可即時再次發動技能
",
615,"將 3 粒符石轉化為暗符石 (心符石優先轉換)，使用後有一定機會可即時再次發動技能
",
616,"將等同於累積戰鬥回合 (需要消除符石) 數量的符石轉換為暗符石，最多 5 粒。發動技能後可轉換符石數將重新累積
",
617,"石化敵方全體，使受影響目標無法行動並轉為木屬性，持續 3 回合
",
618,"將場上數量最多的 1 種屬性符石轉化為心符石
",
619,"對敵方全體造成 10 倍暗屬性傷害
",
620,,
621,"2 回合內，自身攻擊力 3 倍。若身旁的成員同為獸類，同得此效果
",
622,"2 回合內，自身攻擊力 3 倍。若身旁的成員同為獸類，同得此效果
",
623,"2 回合內，自身攻擊力 3 倍。若身旁的成員同為獸類，同得此效果
",
624,"敵方全體點燃，使受影響目標無法行動並轉為火屬性，持續 3 回合
",
625,"敵方全體點燃，使受影響目標無法行動並轉為火屬性，持續 3 回合
",
626,"敵方全體點燃，使受影響目標無法行動並轉為火屬性，持續 3 回合。效果持續期間火屬性攻擊力 1.5 倍
",
627,"1 回合內，自身攻擊力 10 倍。(攻擊力不可與其他成員共享)
",
628,"1 回合內，自身攻擊力 10 倍。(攻擊力不可與其他成員共享)
",
629,"1 回合內，自身攻擊力 10 倍。(攻擊力不可與其他成員共享)
",
630,"2 回合內，自身攻擊力 3 倍。若身旁的成員同為獸類，同得此效果
",
631,"2 回合內，自身攻擊力 3 倍。若身旁的成員同為獸類，同得此效果
",
632,"2 回合內，自身攻擊力 3 倍。若身旁的成員同為獸類，同得此效果
",
633,"1 回合內，自身攻擊力 10 倍。(攻擊力不可與其他成員共享)
",
634,"1 回合內，自身攻擊力 10 倍。(攻擊力不可與其他成員共享)
",
635,"1 回合內，自身攻擊力 10 倍。(攻擊力不可與其他成員共享)
",
636,"1 回合內，生命力 50% 或以下時，回復隊伍 5 倍回復力的生命力；反之，心符石兼具水符石效果
",
637,"1 回合內，生命力 50% 或以下時，延遲全體敵人行動 1 回合；反之，心符石兼具火符石效果
",
638,"1 回合內，生命力 50% 或以下時，所受傷害減少 60%；反之，心符石兼具木符石效果
",
639,"1 回合內，生命力 50% 或以下時，無視全體敵人的防禦力；反之，心符石兼具光符石效果
",
640,"1 回合內，生命力 50% 或以下時，攻擊力 1.5 倍；反之，心符石兼具暗符石效果
",
641,"直接引爆水屬性以外的符石造成敵方全體水屬性傷害
",
642,"直接引爆火屬性以外的符石造成敵方全體火屬性傷害
",
643,"直接引爆木屬性以外的符石造成敵方全體木屬性傷害
",
644,"直接引爆光屬性以外的符石造成敵方全體光屬性傷害
",
645,"直接引爆暗屬性以外的符石造成敵方全體暗屬性傷害
",
646,"對全體敵人造成累積戰鬥回合 (需要消除符石) 倍化 10,000 點的水屬性傷害，最大 100,000 點。發動技能後戰鬥回合將重新累積
",
647,"對全體敵人造成累積戰鬥回合 (需要消除符石) 倍化 10,000 點的火屬性傷害，最大 100,000 點。發動技能後戰鬥回合將重新累積
",
648,"對全體敵人造成累積戰鬥回合 (需要消除符石) 倍化 10,000 點的木屬性傷害，最大 100,000 點。發動技能後戰鬥回合將重新累積
",
649,"對全體敵人造成累積戰鬥回合 (需要消除符石) 倍化 10,000 點的光屬性傷害，最大 100,000 點。發動技能後戰鬥回合將重新累積
",
650,"對全體敵人造成累積戰鬥回合 (需要消除符石) 倍化 10,000 點的暗屬性傷害，最大 100,000 點。發動技能後戰鬥回合將重新累積
",
651,"對全體敵人造成累積戰鬥回合 (需要消除符石) 倍化 10,000 點的水屬性傷害，最大 100,000 點。發動技能後戰鬥回合將重新累積
","當隊伍中只有人類及 2 個或以上龍類成員時，人類攻擊力 3 倍，龍類攻擊力 1.5 倍
"
652,"對全體敵人造成累積戰鬥回合 (需要消除符石) 倍化 10,000 點的火屬性傷害，最大 100,000 點。發動技能後戰鬥回合將重新累積
","當隊伍中只有人類及 2 個或以上龍類成員時，人類攻擊力 3 倍，龍類攻擊力 1.5 倍
"
653,"對全體敵人造成累積戰鬥回合 (需要消除符石) 倍化 10,000 點的木屬性傷害，最大 100,000 點。發動技能後戰鬥回合將重新累積
","當隊伍中只有人類、 2 個或以上獸類或妖精類成員時，人類攻擊力 3 倍，獸類及妖精類攻擊力 2 倍
"
654,"對全體敵人造成累積戰鬥回合 (需要消除符石) 倍化 10,000 點的光屬性傷害，最大 100,000 點。發動技能後戰鬥回合將重新累積
","當隊伍中只有人類、2 個或以上魔族或妖精類成員時，人類攻擊力 3 倍，魔族及妖精類攻擊力 2 倍
"
655,"對全體敵人造成累積戰鬥回合 (需要消除符石) 倍化 10,000 點的暗屬性傷害，最大 100,000 點。發動技能後戰鬥回合將重新累積
","當隊伍中只有人類及 2 個或以上神族成員時，人類攻擊力 3 倍，神族攻擊力 1.5 倍
"
656,,
657,,
658,,
659,,
660,,
661,"將最多 3 粒火符石轉化為水符石
","以所受傷害 2 倍對敵方攻擊者進行水屬性反擊
"
662,"將最多 3 粒木符石轉化為火符石
","無視敵方屬性，每回合以自身攻擊力 3 倍追打 1 次 (需要消除符石)
"
663,"將最多 3 粒水符石轉化為木符石
","所受傷害 30% (不包括敵技傷害) 轉化為我方生命力
"
664,"將最多 3 粒暗符石轉化為光符石
","以所受傷害對敵方全體進行光屬性反擊
"
665,"將最多 3 粒光符石轉化為暗符石
","以所受傷害對敵方全體進行暗屬性反擊
"
666,,
667,,
668,,
669,,
670,,
671,"1 回合內，自身攻擊力 15 倍，其他成員不能發動攻擊
",
672,"對敵方全體造成 10 倍火屬性傷害
",
673,"2 回合內，隊伍中妖精類成員愈多，妖精類的攻擊力及回復力愈高，最大 2 倍
",
674,"2 回合內，隊伍中妖精類成員愈多，妖精類的攻擊力及回復力愈高，最大 2 倍
","完全恢復生命力
"
675,"回復自身回復力 10 倍的生命力
",
676,"將 3 粒符石轉化為水符石 (心符石優先轉換)，使用後有一定機會可即時再次發動技能
",
677,"將 3 粒符石轉化為水強化符石 (心符石優先轉換)，使用後有一定機會可即時再次發動技能
",
678,"將 3 粒符石轉化為火符石 (心符石優先轉換)，使用後有一定機會可即時再次發動技能
",
679,"將 3 粒符石轉化為火強化符石 (心符石優先轉換)，使用後有一定機會可即時再次發動技能
",
680,"將 3 粒符石轉化為木符石 (心符石優先轉換)，使用後有一定機會可即時再次發動技能
",
681,"將 3 粒符石轉化為木強化符石 (心符石優先轉換)，使用後有一定機會可即時再次發動技能
",
682,"將 3 粒符石轉化為光符石 (心符石優先轉換)，使用後有一定機會可即時再次發動技能
",
683,"將 3 粒符石轉化為光強化符石 (心符石優先轉換)，使用後有一定機會可即時再次發動技能
",
684,"將 3 粒符石轉化為暗符石 (心符石優先轉換)，使用後有一定機會可即時再次發動技能
",
685,"將 3 粒符石轉化為暗強化符石 (心符石優先轉換)，使用後有一定機會可即時再次發動技能
",
686,"5 回合內減少所受傷害 60%；而且首回合所受傷害不會使你死亡
",
687,"對敵方全體造成 10 倍火屬性傷害，此傷害無視防禦力
",
688,"對單一敵人造成 15 倍木屬性傷害，此傷害無視防禦力。若以此技能擊斃敵人，1 回合內 100% 發動遊俠的隊伍技能
",
689,"回復相當於隊伍總血量的生命力，並以回血溢出值對敵方全體造成光屬性傷害
",
690,"敵方生命力 20% 以下時，即殺
",
691,"將最多 3 粒火符石轉化為水符石
",
692,"將最多 3 粒木符石轉化為火符石
",
693,"將最多 3 粒水符石轉化為木符石
",
694,"將最多 3 粒暗符石轉化為光符石
",
695,"將最多 3 粒光符石轉化為暗符石
",
696,"1 回合內，隊伍成員的種族愈多，水屬性攻擊力愈高，4 個種族的成員即可達至最大 2 倍
",
697,"1 回合內，自身生命力愈低，火屬性攻擊力愈高，最大 2 倍
",
698,"1 回合內，人類成員愈多，自身攻擊力愈高，最大 8 倍 (攻擊力不可與其他成員共享)
",
699,"暗符石轉化為光符石
",
700,"7 秒內，可任意移動符石而不會發動消除
",
701,"回復自身回復力 10 倍的生命力
",
702,"回復自身回復力 10 倍的生命力
",
703,,
704,,
705,"將所有符石轉化為火符石
",
706,"水屬性傷害持續提升，直至沒有水屬性傷害
",
707,"火屬性傷害持續提升，直至沒有火屬性傷害
",
708,"木屬性傷害持續提升，直至沒有木屬性傷害
",
709,"光屬性傷害持續提升，直至沒有光屬性傷害
",
710,"暗屬性傷害持續提升，直至沒有暗屬性傷害
",
711,"全隊攻擊力提升 1.5 倍，技能發動回合擊斃敵人的數量總和，將轉化為效果持續回合 (主動技能除外)
",
712,"全隊攻擊力提升 1.5 倍，技能發動回合擊斃敵人的數量總和，將轉化為效果持續回合 (主動技能除外)
",
713,"全隊攻擊力提升 1.5 倍，技能發動回合擊斃敵人的數量總和，將轉化為效果持續回合 (主動技能除外)
",
714,"全隊攻擊力提升 1.5 倍，技能發動回合擊斃敵人的數量總和，將轉化為效果持續回合 (主動技能除外)
",
715,"全隊攻擊力提升 1.5 倍，技能發動回合擊斃敵人的數量總和，將轉化為效果持續回合 (主動技能除外)
",
716,"若場上剩下 2 粒或以下的水符石，隨機將 2 直行的符石轉化為水符石；反之，隨機將 1 直行的符石轉化為水符石
","魔族攻擊力及生命力 1.5 倍
"
717,"若場上剩下 2 粒或以下的火符石，隨機將 2 直行的符石轉化為火符石；反之，隨機將 1 直行的符石轉化為火符石
","魔族攻擊力及生命力 1.5 倍
"
718,"3 回合內，自身發動攻擊時，個人追打木屬性攻擊 1 次
","魔族攻擊力 2 倍
"
719,"2 回合內，每回合扣除 15% 自身生命力；敵方全體無法行動 2 回合，但效果會因自身生命力不足 15%而消失
","魔族攻擊力 2 倍
"
720,"若場上剩下 2 粒或以下的暗符石，隨機將 2 直行的符石轉化為暗符石；反之，隨機將 1 直行的符石轉化為暗符石
","魔族攻擊力 2 倍
"
721,,
722,,
723,,
724,,
725,,
726,"火符石轉化為心強化符石
",
727,"火符石轉化為心強化符石
",
728,"場上有附加效果時，1 回合內，火屬性攻擊力 1.5 倍及火屬性魔族攻擊力 2.5 倍
",
729,"場上有附加效果時，1 回合內，火屬性攻擊力 1.5 倍及火屬性魔族攻擊力 2.5 倍
",
730,"延遲全體敵人行動 1 回合
",
731,"延遲全體敵人行動 1 回合
",
732,"將等同於累積戰鬥回合 (需要消除符石) +1 數量的符石轉化為光符石，最多 8 粒。發動技能後可轉換符石數將重新累積
",
733,"將等同於累積戰鬥回合 (需要消除符石) +1 數量的符石轉化為光符石，最多 8 粒。發動技能後可轉換符石數將重新累積
",
734,"魔族攻擊力提升 1.5 倍，直至受到敵人攻擊為止。效果持續期間技能不會冷卻
",
735,"魔族攻擊力提升 1.5 倍，直至受到敵人攻擊為止。效果持續期間技能不會冷卻
",
736,"回復自身回復力 10 倍的生命力
",
737,"1 回合內，自身攻擊力 2.5 倍。若身旁的成員同為水屬性或魔族，同得此效果
",
738,"回復自身回復力 10 倍的生命力
",
739,"1 回合內，若生命力全滿：自身生命力扣至 1，並將心符石轉化為自身屬性符石；移動符石前自身生命力愈低，全隊攻擊力愈高，最大 2 倍。反之，自身生命力愈低，全隊攻擊力愈高，最大 3 倍
",
740,"若場上剩下 2 粒或以下的心符石，隨機將 2 直行的符石轉化為心符石；反之，隨機將 1 直行的符石轉化為心符石
",
741,"回復自身回復力 10 倍的生命力
",
742,"所有符石隨機轉換，同時心符石出現率上升，並將心符石以心強化符石代替
","2 回合內，敵方所受傷害的 20% 轉化為我方生命力
"
743,"1 回合內不能對敵方造成傷害，下一回會追加上回的連擊 (Combo) 數目對敵人進行攻擊
",
744,"對敵方全體造成 10 倍水屬性傷害
",
745,"1 回合內，同時消除水、火及木符石時，無視全體敵人 80% 的防禦力；同時消除光及暗符石時，全隊攻擊力 1.5 倍；消除心符石時，心符石效果提升至 250%。(只計算首批消除的符石)
",
746,"將 3 粒符石轉化為水符石 (光及暗符石優先轉換)。隊伍中每多 1 個人類成員，額外將 2 粒符石轉化為水符石
",
747,"將 3 粒符石轉化為水符石 (光及暗符石優先轉換)。隊伍中每多 1 個人類成員，額外將 2 粒符石轉化為水符石
",
748,"1 回合內，自身不會發動攻擊。下一回合，水、火及木屬性攻擊力 2 倍
",
749,"1 回合內，自身不會發動攻擊。下一回合，水、火及木屬性攻擊力 2 倍
",
750,"1 回合內，心符石兼具水符石、火符石及木符石效果
",
751,"1 回合內，心符石兼具水符石、火符石及木符石效果
",
752,"1 回合內，光屬性攻擊力 1.5 倍
",
753,"1 回合內，光屬性攻擊力 1.5 倍
",
754,"下一回合的自身攻擊力與此回合相同
",
755,"下一回合的自身攻擊力與此回合相同
",
756,"光符石與暗符石轉化為心強化符石
",
757,"光符石與暗符石轉化為心強化符石
",
758,"連續 3 回合回復自身回復力 20 倍的生命力
",
759,"連續 3 回合回復自身回復力 20 倍的生命力
",
760,"1 回合內，人類攻擊力 2 倍
",
761,"1 回合內，人類攻擊力 2 倍
",
762,"將所有符石轉化為光符石
",
763,"將所有符石轉化為光符石
",
764,"光符石轉化為光強化符石，同時將暗符石轉化為暗強化符石
",
765,"光符石轉化為光強化符石，同時將暗符石轉化為暗強化符石
",
766,"水符石與火符石轉化為心強化符石
",
767,"水符石與火符石轉化為心強化符石
",
768,"將等同於累積戰鬥回合 (需要消除符石) 數量的符石轉換為火符石，最多 5 粒。發動技能後可轉換符石數將重新累積
",
769,"將場上數量最多的 1 種屬性符石 (不包括強化符石) 及心符石轉化為強化符石。(光及暗符石優先轉換)
",
770,"1 回合內，隊伍中魔族成員愈多，魔族攻擊力愈高，5 個魔族成員即可達至最大 2 倍
",
771,"連續 3 回合回復自身回復力 20 倍的生命力
",
772,"光符石轉化為光強化符石，同時將暗符石轉化為暗強化符石
",
773,"水符石與火符石轉化為心強化符石
",
774,"1 回合內，光屬性攻擊力 1.5 倍
",
775,"下一回合的自身攻擊力與此回合相同
",
776,"1 回合內，凍結敵方全體，使受影響目標無法行動並轉為水屬性。效果期間水屬性攻擊力 1.5 倍
",
777,"1 回合內，消除的火符石愈多，火屬性攻擊力愈高，消除 12 粒火符石即可達至最大 2 倍 (只計算首批消除的符石)
",
778,"1 回合內，消除的木符石愈多，木屬性攻擊力愈高，消除 12 粒木符石即可達至最大 2 倍 (只計算首批消除的符石)
",
779,"1 回合內，光符石不會被消除，同時所有屬性符石兼具 50% 光符石效果
",
780,"1 回合內，減少所受傷害 60%
",
781,"1 回合內，所受傷害減少 40%；若隊伍中有人類及魔族成員時，效果持續 2 回合
",
782,"1 回合內，水符石及木符石兼具火符石效果
",
783,"回復自身回復力 10 倍的生命力
",
784,"3 回合內，水符石的掉落機率提升，並將掉落的水符石以水強化符石代替
",
785,"3 回合內，水符石的掉落機率提升，並將掉落的水符石以水強化符石代替
",
786,"3 回合內，火符石的掉落機率提升，並將掉落的火符石以火強化符石代替
",
787,"3 回合內，火符石的掉落機率提升，並將掉落的火符石以火強化符石代替
",
788,"3 回合內，木符石的掉落機率提升，並將掉落的木符石以木強化符石代替
",
789,"3 回合內，木符石的掉落機率提升，並將掉落的木符石以木強化符石代替
",
790,"對單一敵人造成 30,000 點水屬性傷害，此傷害無視防禦力
",
791,"對全體敵人造成 30,000 點水屬性傷害，此傷害無視防禦力
",
792,"所受傷害減少 20%，直至沒有消除火符石，不包括主動技及隊長技 (效果持續期間技能不會冷卻)
",
793,"所受傷害減少 20%，直至沒有消除火符石，不包括主動技及隊長技 (效果持續期間技能不會冷卻)
",
794,"1 回合內，全隊攻擊力 2 倍；下一回合全隊回復力變 0
",
795,"1 回合內，全隊攻擊力 2 倍；下一回合全隊回復力變 0
",
796,"1 回合內，隊伍成員的種族愈多，全隊攻擊力愈高，5 個種族的成員即可達至最大 2.25 倍
",
797,"1 回合內，隊伍成員的種族愈多，全隊攻擊力愈高，5 個種族的成員即可達至最大 2.25 倍
",
798,"1 回合內 ，龍類攻擊力 1.5 倍；將龍類對敵方造成實際傷害的 5% 轉化為生命力，最大為生命力等值的 50%（不計算主動及隊長技傷害）
",
799,"1 回合內 ，龍類攻擊力 1.5 倍；將龍類對敵方造成實際傷害的 5% 轉化為生命力，最大為生命力等值的 50%（不計算主動及隊長技傷害）
",
800,"凍結敵方全體，使受影響目標無法行動並轉為水屬性，持續 3 回合
",
801,"1 回合內，延長移動符石時間 3 秒；消除一組 6 粒或以上的水符石，水屬性攻擊力 1.5 倍
",
802,"1 回合內，延長移動符石時間 3 秒；消除一組 6 粒或以上的水符石，水屬性攻擊力 1.5 倍
",
803,"1 回合內，延長移動符石時間 3 秒；消除一組 6 粒或以上的火符石，火屬性攻擊力 1.5 倍
",
804,"1 回合內，延長移動符石時間 3 秒；消除一組 6 粒或以上的火符石，火屬性攻擊力 1.5 倍
",
805,"1 回合內，延長移動符石時間 3 秒；消除一組 6 粒或以上的木符石，木屬性攻擊力 1.5 倍
",
806,"1 回合內，延長移動符石時間 3 秒；消除一組 6 粒或以上的木符石，木屬性攻擊力 1.5 倍
",
807,"1 回合內，延長移動符石時間 3 秒；同時消除心符石、光符石及暗符石，光屬性攻擊力 1.5 倍
",
808,"1 回合內，延長移動符石時間 3 秒；同時消除心符石、光符石及暗符石，光屬性攻擊力 1.5 倍
",
809,"1 回合內，延長移動符石時間 3 秒；同時消除心符石、光符石及暗符石，暗屬性攻擊力 1.5 倍
",
810,"1 回合內，延長移動符石時間 3 秒；同時消除心符石、光符石及暗符石，暗屬性攻擊力 1.5 倍
",
811,"1 回合內，水屬性攻擊力及回復力 1.5 倍；若隊伍中有 3 個或以上神族成員，水屬性攻擊力提升至 2 倍
",
812,"1 回合內，火屬性攻擊力及回復力 1.5 倍；若隊伍中有 3 個或以上神族成員，火屬性攻擊力提升至 2 倍
",
813,"1 回合內，木屬性攻擊力及回復力 1.5 倍；若隊伍中有 3 個或以上神族成員，木屬性攻擊力提升至 2 倍
",
814,"1 回合內，光屬性攻擊力及回復力 1.5 倍；若隊伍中有 3 個或以上神族成員，光屬性攻擊力提升至 2 倍
",
815,"1 回合內，暗屬性攻擊力及回復力 1.5 倍；若隊伍中有 3 個或以上神族成員，暗屬性攻擊力提升至 2 倍
",
816,"暈擊敵方全體，使受影響目標無法行動 5 回合，但效果會因受到攻擊而消失
",
817,"在全部或最少 4 個成員可發動主動技時 ，發動此技會將所有成員技能 CD 重置，提升全隊攻擊力 2 倍並持續 8 回合
",
818,"光符石轉化為心強化符石
",
819,"消耗現有一半的生命力， 以 125 倍自身攻擊力對敵方全體造成無屬性傷害
",
820,"在全部或最少 4 個成員可發動主動技時 ，發動此技會將所有成員技能 CD 重置，提升全隊攻擊力 2 倍並持續 8 回合
",
821,"單體攻擊轉化為全體攻擊，持續 3 回合；而且首回合全隊攻擊力 1.5 倍
",
822,"2 回合內，以神族及魔族其中造成的最大傷害轉換為全隊神族及魔族的傷害
",
823,"心符石轉化為暗符石，同時將光符石轉化為心符石
",
824,"1 回合內，單體攻擊時全隊追打火屬性攻擊1 次
",
825,"將累積戰鬥回合 (需要消除符石) +1 數量的符石轉化為木符石，最多 8 粒；當累積至最多 8 粒時發動技能，轉化的木符石會以木強化符石代替。發動技能後可轉換符石數將重新累積
",
826,"1 回合內不能對敵方造成傷害，下一回合全隊攻擊力提升 2 倍
",
827,"將累積戰鬥回合 (需要消除符石) +1 數量的符石轉化為水符石，最多 8 粒；當累積至最多 8 粒時發動技能，轉化的水符石會以水強化符石代替。發動技能後可轉換符石數將重新累積
",
828,"1 回合內，隊伍回復力愈高，木屬性攻擊力愈高，隊伍回復力達 2,200 即可達至最大 2.5 倍
",
829,"隨機將 20 粒符石轉化為固定數量的水、火、木、光及暗符石；1 回合內，所有屬性符石兼具 80% 其他屬性符石效果
",
830,"1 回合內，全隊攻擊力 1.5 倍，並延長移動符石時間至 9 秒
",
831,"對單一敵人造成 10 倍水屬性傷害
",
832,"若場上剩下 2 粒或以下的水符石，隨機將 2 直行的符石轉化為水符石；反之，隨機將 1 直行的符石轉化為水符石
",
833,"對單一敵人造成 10 倍火屬性傷害
",
834,"若場上剩下 2 粒或以下的火符石，隨機將 2 直行的符石轉化為火符石；反之，隨機將 1 直行的符石轉化為火符石
",
835,"對單一敵人造成 10 倍木屬性傷害
",
836,"3 回合內，自身發動攻擊時，個人追打木屬性攻擊 1 次
",
837,"對單一敵人造成 10 倍光屬性傷害
",
838,"光符石與暗符石轉化為心強化符石
",
839,"對單一敵人造成 10 倍暗屬性傷害
",
840,"若場上剩下 2 粒或以下的暗符石，隨機將 2 直行的符石轉化為暗符石；反之，隨機將 1 直行的符石轉化為暗符石
",
841,"2 回合內，水屬性成員愈多，水屬性攻擊力愈高，最大 1.5 倍
",
842,"3 回合內，每回合回復 50% 生命力
",
843,"3 回合內，自身攻擊力 1.5 倍。若身旁的成員同為木屬性，同得此效果
",
844,"1 回合內，回復 50% 生命力及全隊攻擊力 1.5 倍
",
845,"1 回合內，無視全體敵人 50% 的防禦力；個人追打暗屬性攻擊 3 次
",
846,"隨機對敵方全體造成 3 至 5 次 30 倍火屬性傷害
",
847,"1 回合內，個人隨機追打光屬性攻擊 3 至 10 次
",
848,"1 回合內，個人對敵方全體追打全隊總攻擊力 1.5 倍的火屬性攻擊 1 次
",
849,"回復自身回復力 10 倍的生命力
",
850,"消秏現有 75% 生命力；1 回合內，木屬性或龍類攻擊力 2.5 倍
","回復相當於龍類成員 1.5 倍的生命力
"
851,"火符石轉化為心符石
",
852,"心符石轉化為火符石
",
853,"石化敵方全體，使受影響目標無法行動並轉為木屬性，持續 3 回合。效果期間木屬性攻擊力 1.5 倍
",
854,"暗符石轉化為心符石
",
855,"心符石轉化為暗符石
",
856,"隨機將 4 粒相連的符石轉化為水符石
",
857,"光符石轉化為火符石
",
858,"1 回合內，木屬性傷害無效
",
859,"水符石轉化為光符石
",
860,"火符石轉化為暗符石
",
861,"2 回合內，消除心符石時，無視全體敵人的防禦力
",
862,"2 回合內，消除心符石時，無視全體敵人的防禦力
",
863,"1 回合內，自身生命力愈低，回復力愈高，最大 3.5 倍
",
864,"1 回合內，自身生命力愈低，回復力愈高，最大 3.5 倍
",
865,"回復效果提升 2 倍，直至沒有消除心符石 (不包括主動及隊長技)
",
866,"回復效果提升 2 倍，直至沒有消除心符石 (不包括主動及隊長技)
",
867,"暗符石轉化為心符石，同時將心符石轉化為心強化符石
",
868,"暗符石轉化為心符石，同時將心符石轉化為心強化符石
",
869,"將與累積戰鬥回合數同等數量的符石轉為心符石，最多 7 粒。發動技能後會將累積戰鬥回合數重置
",
870,"將與累積戰鬥回合數同等數量的符石轉為心符石，最多 7 粒。發動技能後會將累積戰鬥回合數重置
",
871,"1 回合內，延長移動符石時間 3 秒；消除一組 6 粒或以上的水符石，水屬性攻擊力 1.5 倍
",
872,"1 回合內，延長移動符石時間 3 秒；消除一組 6 粒或以上的火符石，火屬性攻擊力 1.5 倍
",
873,"1 回合內，延長移動符石時間 3 秒；消除一組 6 粒或以上的木符石，木屬性攻擊力 1.5 倍
",
874,"1 回合內，延長移動符石時間 3 秒；同時消除心符石、光符石及暗符石，光屬性攻擊力 1.5 倍
",
875,"1 回合內，延長移動符石時間 3 秒；同時消除心符石、光符石及暗符石，暗屬性攻擊力 1.5 倍
",
876,"3 回合內，心符石的掉落機率提升，並將掉落的心符石以心強化符石代替
",
877,"將場上左方的 15 粒符石轉化為固定數量及位置的火、木及心符石
",
878,"將場上右方的 15 粒符石轉化為固定數量及位置的水、火及心符石
",
879,"對敵方全體造成 10 倍木屬性傷害
",
880,"1 回合內，達成 4 連擊 (Combo) 或以下時，個人追打 25000 點無屬性傷害 1 次，此傷害無視防禦力；達成 5 至 6 連擊 (Combo) 時，全隊攻擊力 1.8 倍；達成 7 連擊 (Combo) 或以上時，全隊攻擊力 1.8 倍，個人隨機追打水屬性攻擊 3 至 5 次。連擊 (Combo) 只計算首批消除的符石
",
881,"2 回合內，全隊攻擊力 1.5 倍，並減少所受傷害 50%
",
882,"2 回合內，全隊攻擊力 1.5 倍，並減少所受傷害 50%
",
883,"木符石轉化為火符石
",
884,"將木符石轉化為火符石；所轉化的符石愈多，1 回合內全隊攻擊力愈高，轉化 4 粒木符石即可達至最大 1.8 倍
",
885,"1 回合內，全隊攻擊力 1.5 倍。若使用相同的隊長及戰友時，全隊攻擊力 2.5 倍
",
886,"1 回合內，全隊攻擊力 1.5 倍。若使用相同的隊長及戰友時，全隊攻擊力 2.5 倍
",
887,"暗符石轉化為光符石
",
888,"將暗符石轉化為光符石；所轉化的符石愈多，1 回合內全隊攻擊力愈高，轉化 4 粒暗符石即可達至最大 1.8 倍
",
889,"1 回合內，自身及身旁的成員攻擊力 1.5 倍；若身旁成員的攻擊力低於自己，該成員的攻擊力提升至 3.5 倍
",
890,"1 回合內，自身及身旁的成員攻擊力 1.5 倍；若身旁成員的攻擊力低於自己，該成員的攻擊力提升至 3.5 倍
",
891,"將所有符石轉化為固定數量的水、火、木及心符石
",
892,"將所有符石轉化為固定數量的水、火、木及心符石
",
893,"光符石轉化為火符石，同時暗符石轉化為心符石
",
894,"光符石轉化為火符石，同時暗符石轉化為心符石
",
895,"15 秒內，可任意移動符石而不會發動消除，若消除當前所有符石，全隊攻擊力 2.4 倍；反之，全隊攻擊力 1.5 倍
",
896,"15 秒內，可任意移動符石而不會發動消除，若消除當前所有符石，全隊攻擊力 2.4 倍；反之，全隊攻擊力 1.5 倍
",
897,"我方回復力減至 0，同時必然延長移動符石時間 1 秒 (效果會在再次發動此技能或死亡後消失)
",
898,"我方回復力減至 0，同時必然延長移動符石時間 1 秒 (效果會在再次發動此技能或死亡後消失)
",
899,"將所有符石轉化為固定數量的光及暗符石
",
900,"將所有符石轉化為固定數量的光及暗符石
",
901,"水、火及木符石轉化為強化符石
",
902,"水、火及木符石轉化為強化符石
",
903,"將等同於累積戰鬥回合 (需要消除符石) +1 數量的符石轉化為火符石，最多 8 粒。發動技能後可轉換符石數將重新累積
",
904,"將等同於累積戰鬥回合 (需要消除符石) +1 數量的符石轉化為火符石，最多 8 粒。發動技能後可轉換符石數將重新累積
",
905,"1 回合內，人類攻擊力 1.5 倍
",
906,"1 回合內，人類攻擊力 1.5 倍
",
907,"人類攻擊力減至 50%，光屬性人類成員攻擊力則減至 0，並將被減去攻擊力的 1.5 倍加入自身攻擊力。消除光符石才會發動攻擊 (效果會在再次發動此技能或死亡後消失)
",
908,"人類攻擊力減至 50%，光屬性人類成員攻擊力則減至 0，並將被減去攻擊力的 1.5 倍加入自身攻擊力。消除光符石才會發動攻擊 (效果會在再次發動此技能或死亡後消失)
",
909,"1 回合內，光及暗屬性攻擊力 2 倍
",
910,"1 回合內，光及暗屬性攻擊力 2 倍
",
911,"個人追打水屬性攻擊。攻擊次數根據可發動技能的成員數目而定
",
912,"個人追打水屬性攻擊。攻擊次數根據可發動技能的成員數目而定
",
913,"若場上剩下 2 粒或以下的木符石，隨機將 2 直行的符石轉化為木符石；反之，隨機將 1 直行的符石轉化為木符石
",
914,"若場上剩下 2 粒或以下的木符石，隨機將 2 直行的符石轉化為木符石；反之，隨機將 1 直行的符石轉化為木符石
",
915,"若場上剩下 2 粒或以下的光符石，隨機將 2 直行的符石轉化為光符石；反之，隨機將 1 直行的符石轉化為光符石
",
916,"若場上剩下 2 粒或以下的光符石，隨機將 2 直行的符石轉化為光符石；反之，隨機將 1 直行的符石轉化為光符石
",
917,"直接引爆場上所有光及暗符石以提升攻擊力，8 粒即可達至最大 2 倍
",
918,"1 回合內，自身生命力愈低，全隊攻擊力及回復力愈高，最大 2 倍
",
919,"直接引爆場上所有暗屬性以外 2 粒或以上相連的符石以提升攻擊力，15 粒即可達至最大 2.5 倍
",
920,"直接引爆場上所有暗屬性以外 2 粒或以上相連的符石以提升攻擊力，15 粒即可達至最大 2.5 倍
",
921,"直接引爆心符石以增加人類攻擊力，引爆 8 粒心符石即可達至最大 2 倍
",
922,"1 回合內，水符石兼具心符石效果，同時木符石兼具火符石效果
",
923,"2 回合內，消除火符石時，全隊攻擊力 1.5 倍；消除水符石時，回復自身回復力 15 倍的生命力
",
924,"1 回合內，火符石兼具心符石效果，同時水符石兼具木符石效果
",
925,"1 回合內，首次所受傷害不會使你死亡
",
926,"對單一敵人造成 10 倍水屬性傷害
",
927,"水、火及木符石轉化為強化符石
",
928,"對單一敵人造成 10 倍火屬性傷害
",
929,"光符石轉化為火符石，同時暗符石轉化為心符石
",
930,"對單一敵人造成 10 倍木屬性傷害
",
931,"若場上剩下 2 粒或以下的木符石，隨機將 2 直行的符石轉化為木符石；反之，隨機將 1 直行的符石轉化為木符石
",
932,"對單一敵人造成 10 倍光屬性傷害
",
933,"若場上剩下 2 粒或以下的光符石，隨機將 2 直行的符石轉化為光符石；反之，隨機將 1 直行的符石轉化為光符石
",
934,"對單一敵人造成 10 倍暗屬性傷害
",
935,"我方回復力減至 0，同時必然延長移動符石時間 1 秒 (效果會在再次發動此技能或死亡後消失)
",
936,"回復自身回復力 10 倍的生命力
",
937,"每回合鎖定 3 粒符石：消除所有被鎖定的符石，全隊攻擊力 2 倍；反之，扣除 10% 總生命力 (最多扣至 1 血)。效果會在再次發動此技能或死亡後消失
",
938,"光及暗符石轉化為火強化符石
",
939,"1 回合內，自身攻擊力倍化累積戰鬥回合數 (需要消除符石)，最大 8 倍。發動技能後戰鬥回合數將會重新累積
",
940,"每回合以左下角的符石開始轉珠時，回復力 1.5 倍；以右下角的符石開始轉珠時，則攻擊力 1.5 倍。若以其他符石開始轉珠，該回合攻擊力及回復力減少 15%。(效果會在再次發動此技能或死亡後消失)
",
941,"水屬性傷害持續提升，直至沒有消除一組 5 粒或以上的水屬性符石 (只計算首批消除的符石)。每累計消除 20 粒水符石，水屬性傷害加快提升。水屬性傷害會於每一層數 (Wave) 重置
",
942,"火屬性傷害持續提升，直至沒有消除一組 5 粒或以上的火屬性符石 (只計算首批消除的符石)。每累計消除 20 粒火符石，火屬性傷害加快提升。火屬性傷害會於每一層數 (Wave) 重置
",
943,"木屬性傷害持續提升，直至沒有消除一組 5 粒或以上的木屬性符石 (只計算首批消除的符石)。每累計消除 20 粒木符石，木屬性傷害加快提升。木屬性傷害會於每一層數 (Wave) 重置
",
944,"光屬性傷害持續提升，直至沒有消除一組 5 粒或以上的光屬性符石 (只計算首批消除的符石)。每累計消除 20 粒光符石，光屬性傷害加快提升。光屬性傷害會於每一層數 (Wave) 重置
",
945,"暗屬性傷害持續提升，直至沒有消除一組 5 粒或以上的暗屬性符石 (只計算首批消除的符石)。每累計消除 20 粒暗符石，暗屬性傷害加快提升。暗屬性傷害會於每一層數 (Wave) 重置
",
946,"火符石轉化為心符石
",
947,"每次只能選取 1 個效果。效果1：1 回合內，水屬性攻擊力 1.5 倍，並於移動符石時間內，可任意移動符石而不會發動消除效果2：心符石轉化為水符石，同時將火符石轉化為心強化符石
",
948,"木符石轉化為心符石
",
949,"每次只能選取 1 個效果。效果1：1 回合內，火屬性攻擊力 1.5 倍，並無視全體敵人 90% 的防禦力效果2：心符石轉化為火符石，同時將木符石轉化為心強化符石
",
950,"水符石轉化為心符石
",
951,"每次只能選取 1 個效果。效果1：1 回合內，木屬性攻擊力 1.5 倍，並消除所有附加效果效果2：心符石轉化為木符石，同時將水符石轉化為心強化符石
",
952,"暗符石轉化為心符石
",
953,"每次只能選取 1 個效果。效果1：1 回合內，光屬性攻擊力 1.5 倍，並延長移動符石時間 2 秒效果2：心符石轉化為光符石，同時將暗符石轉化為心強化符石
",
954,"光符石轉化為心符石
",
955,"每次只能選取 1 個效果。效果1：1 回合內，光及暗屬性攻擊力  2 倍，並將移動符石時間變為 2 秒效果2：心符石轉化為暗符石，同時將光符石轉化為心強化符石
",
956,"點選 1 橫行的符石，並將該橫行的符石轉化為水強化符石
","水屬性攻擊力及回復力 1.5 倍
"
957,"點選 1 橫行的符石，並將該橫行的符石轉化為火強化符石
","火屬性攻擊力及回復力 1.5 倍
"
958,"點選 1 橫行的符石，並將該橫行的符石轉化為木強化符石
","木屬性攻擊力及回復力 1.5 倍
"
959,"點選 1 橫行的符石，並將該橫行的符石轉化為光強化符石
","光屬性攻擊力及回復力 1.5 倍
"
960,"點選 1 橫行的符石，並將該橫行的符石轉化為暗強化符石
","暗屬性攻擊力及回復力 1.5 倍
"
961,,
962,,
963,,
964,,
965,,
966,"對敵方全體造成 3 倍水屬性傷害
",
967,"2 回合內，自身攻擊力 3 倍。若身旁的成員同為獸類，同得此效果
",
968,"對敵方全體造成 3 倍火屬性傷害
",
969,"1 回合內，達成 4 連擊 (Combo) 或以下，回復 20,000 點生命力；反之，所有成員攻擊力 2 倍。連擊 (Combo) 只計算首批消除的符石
",
970,"對敵方全體造成 3 倍木屬性傷害
",
971,"全隊攻擊力提升 1.5 倍，技能發動回合擊斃敵人的數量總和，將轉化為效果持續回合 (主動技能除外)
",
972,"對敵方全體造成 3 倍光屬性傷害
",
973,"1 回合內，達成 4 連擊 (Combo) 或以下，所受傷害減少 80%；反之，所有成員攻擊力 2 倍。連擊 (Combo) 只計算首批消除的符石
",
974,"對敵方全體造成 3 倍暗屬性傷害
",
975,"1 回合內，自身攻擊力 10 倍。(攻擊力不可與其他成員共享)
",
976,"1 回合內，移動符石時間延長 2 秒，消除任何 2 橫行內的所有符石時 (只計算首批消除的符石)，全隊攻擊力 2.5 倍
",
977,"心符石轉化為水強化符石
",
978,"光符石與木符石轉化為心符石
","隊伍中只有神族成員時，全隊攻擊力 3 倍。消除 5 粒或以上心符石時，全隊攻擊力額外提升 1.5 倍 (不能疊加)
"
979,"對敵方全體造成 80 倍自身攻擊力的自身屬性傷害
",
980,"心符石轉化為水符石，同時將火符石轉化為心符石
",
981,"心符石轉化為水符石，同時將火符石轉化為心符石
",
982,"心符石轉化為火符石，同時將木符石轉化為心符石
",
983,"心符石轉化為火符石，同時將木符石轉化為心符石
",
984,"心符石轉化為木符石，同時將水符石轉化為心符石
",
985,"心符石轉化為木符石，同時將水符石轉化為心符石
",
986,"將隊長或戰友所在隊伍欄直行的符石轉化為自身屬性符石
",
987,"1 回合內，水屬性攻擊力 1.5 倍，並將隊長或戰友所在隊伍欄直行的符石轉化為水符石
",
988,"1 回合內，全體敵人的攻擊力弱化 20%，期間所有減傷效果無效
",
989,"2 回合內，全隊攻擊力 1.5 倍及全體敵人的攻擊力弱化 80%，期間所有減傷效果無效
",
990,"將隊長或戰友所在隊伍欄直行的符石轉化為自身屬性符石
",
991,"1 回合內，木屬性攻擊力 1.5 倍，並將隊長或戰友所在隊伍欄直行的符石轉化為木符石
",
992,"1 回合內，全體敵人的攻擊力弱化 20%，期間所有減傷效果無效
",
993,"2 回合內，全隊攻擊力 1.5 倍及全體敵人的攻擊力弱化 80%，期間所有減傷效果無效
",
994,"將隊長或戰友所在隊伍欄直行的符石轉化為自身屬性符石
",
995,"1 回合內，暗屬性攻擊力 1.5 倍，並將隊長或戰友所在隊伍欄直行的符石轉化為暗符石
",
996,"2 回合內，每回合隨機將 5 粒符石轉化為自身屬性符石
",
997,"若場上沒有水、火及木三種符石時，光符石兼具 50% 暗符石效果，同時暗符石兼具 50% 光符石效果；反之，若場上有水、火或木符石時，水符石轉化為光符石，火符石轉化為暗符石，並將木符石轉化為心符石
",
998,"光屬性成員攻擊力減至 50%及魔族攻擊力減至 0，並將被減去的攻擊力加入自身攻擊力。消除光符石才會發動攻擊 (效果會在再次發動此技能或死亡後消失)
","若場上沒有水、火及木三種符石時，光符石兼具 50% 暗符石效果，同時暗符石兼具 50% 光符石效果；反之，若場上有水、火或木符石時，水符石轉化為光符石，火符石轉化為暗符石，並將木符石轉化為心符石
"
999,"凍結敵方全體，使受影響目標無法行動並轉為水屬性，持續 3 回合
",
1000,"凍結敵方全體，使受影響目標無法行動並轉為水屬性，持續 3 回合
",
1001,"沒有技能
",
1002,"沒有技能
",
1003,"沒有技能
",
1004,"沒有技能
",
1005,"沒有技能
",
1006,"心符石轉化為水符石
",
1007,"將 3 粒符石轉化為水符石 (光及暗符石優先轉換)。隊伍中每多 1 個人類成員，額外將 2 粒符石轉化為水符石
",
1008,"心符石轉化為火符石
",
1009,"場上有附加效果時，1 回合內，火屬性攻擊力 1.5 倍及火屬性魔族攻擊力 2.5 倍
",
1010,"心符石轉化為木符石
",
1011,"1 回合內，全隊攻擊力 1.5 倍。若使用相同的隊長及戰友時，全隊攻擊力 2.5 倍
",
1012,"心符石轉化為光符石
",
1013,"將隊長或戰友所在隊伍欄直行的符石轉化為自身屬性符石
",
1014,"心符石轉化為暗符石
",
1015,"1 回合內，全體敵人的攻擊力弱化 20%，期間所有減傷效果無效
",
1016,"心符石轉化為自身屬性符石
",
1017,"1 回合內，自身生命力愈高，攻擊力愈高，最大 2 倍
","心符石轉化為自身屬性符石
"
1018,"在全部或最少 3 個成員可發動主動技時，可發動此技能，並將這些成員的技能 CD 重置：1 回合內全隊攻擊力 2 倍及延長移動符石時間 2 秒。若多於 3 個成員的技能被重置，其後每個技能被重置的成員，額外增加效果持續 1 回合，最多可持續 4 回合
",
1019,"1 回合內，每消除 1 粒水符石 (只計算首批消除的符石)，個人追打 10000 點水屬性攻擊 1 次，最多可追打 30 次
",
1020,"1 回合內，消除 3 種或以上的符石，全隊攻擊力 3 倍
",
1021,"水符石轉化為水強化符石
",
1022,"水符石轉化為水強化符石，同時將火符石與心符石轉化為水符石
",
1023,"火符石轉化為火強化符石
",
1024,"火符石轉化為火強化符石，同時將木符石與心符石轉化為火符石
",
1025,"木符石轉化為木強化符石
",
1026,"木符石轉化為木強化符石，同時將水符石與心符石轉化為木符石
",
1027,"光符石轉化為光強化符石
",
1028,"光符石轉化為光強化符石，同時將暗符石與心符石轉化為光符石
",
1029,"暗符石轉化為暗強化符石
",
1030,"暗符石轉化為暗強化符石，同時將光符石與心符石轉化為暗符石
",
1031,"3 回合內，無視全體敵人 75% 的防禦力
",
1032,"1 回合內，延長移動符石時間至 7 秒，並將所有符石轉化為固定數量的水、火、木、光及暗符石
",
1033,"3 回合內，無視全體敵人 75% 的防禦力
",
1034,"1 回合內，全隊攻擊力 1.5 倍；隊伍中每多一個獸類成員，額外增加效果持續 1 回合，最多可持續 6 回合 (效果持續期間技能不會冷卻)
",
1035,"3 回合內，無視全體敵人 75% 的防禦力
",
1036,"心符石的掉落機率降至 0，並將原有機率增加至木符石的掉落機率 (效果會在再次發動此技能或死亡後消失)
",
1037,"3 回合內，無視全體敵人 75% 的防禦力
",
1038,"攻擊力 1.5 倍，直至消除心符石 (只計算首批消除的符石)，效果持續期間技能不會冷卻
",
1039,"3 回合內，無視全體敵人 75% 的防禦力
",
1040,"1 回合內，沒有消除心符石，全隊攻擊力 2 倍；反之，全隊攻擊力 1.5 倍
",
1041,"心符石的掉落機率降至 0，並將原有機率增加至水符石的掉落機率 (效果會在再次發動此技能或死亡後消失)
",
1042,"木符石轉化為心強化符石
",
1043,"2 回合內，敵方全體轉為水屬性，並提升木屬性對水屬性目標的攻擊力
",
1044,"暗符石轉化為心強化符石
",
1045,"心符石轉化為暗強化符石
",
1046,"我方回復力減至 0，並將每個成員自身回復力的 3.5 倍各自加入自身攻擊力 (效果會在關閉此技能或死亡後消失)。此技能可隨時關閉，關閉時，當前技能 CD 減少 4
",
1047,"所有成員攻擊力提升 2 倍，同時火屬性符石掉落機率提升，但受到的傷害提升 1.5 倍 (效果會在關閉此技能或死亡後消失)。此技能可隨時關閉，關閉時，當前技能 CD 減少 4
",
1048,"達成 4 連擊 (Combo) 或以上才會發動攻擊和回復，連擊 (Combo) 時攻擊力提升 40%，期間所有減傷效果無效 (效果會在關閉此技能或死亡後消失)。此技能可隨時關閉，關閉時，當前技能 CD 減少 6
",
1049,"1 回合內，全隊攻擊力 1.5 倍，並延長移動符石時間 1 秒；隊伍中每多一個獸類成員，額外提升攻擊力 0.2 倍及延長移動符石時間 0.2 秒，最多可達 2.5 倍攻擊力及延長移動符石時間 2 秒
",
1050,"1 回合內，消除 1 至 2 組火符石時，延遲全體敵人行動 1 回合；消除 3 組或以上的火符石時，全隊攻擊力 2 倍。回合結束時，隨機將 6 至 8 粒符石轉化為火符石
",
1051,"暗符石轉化為水符石；1 回合內，將全隊對敵方造成傷害的 10% 轉化為生命力
",
1052,"暗符石轉化為火符石；1 回合內，將全隊對敵方造成傷害的 10% 轉化為生命力
",
1053,"光符石轉化為木符石；1 回合內，將全隊對敵方造成傷害的 10% 轉化為生命力
",
1054,"消秏現有 30% 的生命力，1 回合內，消秏的生命力愈多，光屬性及魔族攻擊力提升愈多，消秏 5000 點生命力即可達至最大 2 倍
",
1055,"水符石轉化為暗符石；1 回合內，暗符石兼具 50% 心符石效果
",
1056,"火符石轉化為心符石
",
1057,"隨機將 4 至 7 粒符石轉化為水強化符石 (光及暗符石優先轉換)
",
1058,"木符石轉化為心符石
",
1059,"心符石的掉落機率降至 0，並將原有機率增加至火符石的掉落機率 (效果會在再次發動此技能或死亡後消失)
",
1060,"水符石轉化為心符石
",
1061,"3 回合內，全隊攻擊力 1.8 倍及全隊回復力變 0；並於第 3 回合結束時，完全回復生命力
",
1062,"暗符石轉化為心符石
",
1063,"木符石轉化為光符石
","1 回合內，敵方全體轉為暗屬性，並提升光屬性對暗屬性目標的攻擊力
"
1064,"光符石轉化為心符石
",
1065,"將等同於累積戰鬥回合 (需要消除符石) +1 數量的符石轉化為暗符石，最多 8 粒。發動技能後可轉換符石數將重新累積
",
1066,"2 回合內，以龍類其中造成的最大傷害轉換為全隊龍類的傷害
",
1067,"心符石轉化為火強化符石，並將自身所在隊伍欄直行的符石轉化為火符石
",
1068,"1 回合內，所受傷害將會以龍類的數量而減少
","龍類攻擊力 2.5 倍，將龍類對敵方造成傷害的 10%  轉化為生命力 (不計算主動及隊長技傷害)，最大為生命力等值的 50% (不能疊加)
"
1069,"心符石轉化為光強化符石，並將自身所在隊伍欄直行的符石轉化為光符石
",
1070,"龍類攻擊力減至 0，並將龍類攻擊力的 1.5 倍加入自身攻擊力，消除暗符石才會發動攻擊 (效果會在再次發動此技能或死亡後消失)
",
1071,"火符石轉化為光符石，同時將心符石轉化為暗符石
",
1072,"隨機將 3 粒符石轉化為心強化符石，使用後有一定機會可即時再次發動技能
",
1073,"全隊攻擊力 1.7 倍，直至連擊 (Combo) 數為雙數時 (只計算首批消除的符石)。效果持續期間技能不會冷卻
",
1074,"暗符石轉化為暗強化符石，若轉化的符石為 10 粒或以下，則當前技能 CD 減少 2
",
1075,"水符石轉化為光符石，同時將木符石轉化為暗符石
",
1076,"回復自身回復力 10 倍的生命力
",
1077,"1 回合內，神族攻擊力 2.5 倍
",
1078,"回復自身回復力 10 倍的生命力
",
1079,"將所有符石轉化為暗符石
","暗符石轉化為暗強化符石；1 回合內，暗符石兼具 50% 其他屬性符石效果
"
1080,"1 回合內，消除的心符石愈多，全隊攻擊力愈高，消除 10 粒心符石即可達至最大 2.5 倍
",
1081,"火符石與心符石轉化為水符石；同時將木符石轉換為心符石
",
1082,"火符石與心符石轉化為水強化符石
",
1083,"木符石與心符石轉化為火符石；同時將水符石轉換為心符石
",
1084,"木符石與心符石轉化為火強化符石
",
1085,"水符石與心符石轉化為木符石；同時將火符石轉換為心符石
",
1086,"水符石與心符石轉化為木強化符石
",
1087,"3 回合內，無視全體敵人的防禦力
",
1088,"1 回合內，無視全體敵人的防禦力；點選元素法陣上的 1 粒符石，並將該種符石轉化為光強化符石
",
1089,"20 秒內，可任意移動符石而不會發動消除；消除的符石數目愈多，攻擊力提升愈多，最大 2.5 倍 (只計算首批消除的符石數目)
",
1090,"10 秒內，可任意移動符石而不會發動消除；消除的符石數目愈多，攻擊力提升愈多，最大 1.9 倍 (只計算首批消除的符石數目)
",
1091,"將最底一橫行的符石轉化為水符石，並將最左方一直行的 4 粒符石轉化為心符石
",
1092,"1 回合內，達成 4 連擊 (Combo) 時，個人追打攻擊力 6 倍的火屬性攻擊 1 次，每多 1 連擊 (Combo)，追打倍率增加 2 倍，6 連擊 (Combo) 可達至最大 10 倍
",
1093,"1 回合內，木屬性及妖精類攻擊力 2 倍；並對全體敵人造成自身攻擊力 30 倍的木屬性傷害
",
1094,"將場上固定位置的符石轉化為光符石
",
1095,"1 回合內，敵方全體轉為光屬性，並大幅提升暗屬性對光屬性目標的攻擊力
",
1096,"1 回合內，所有成員無視屬性相剋及追打無屬性攻擊 1 次
",
1097,"將場上所有符石轉化為固定數量及位置的暗及心符石，並延長移動符石時間 3 秒
",
1098,"1 回合內，自身以全體水屬性成員攻擊力的 2 倍發動攻擊，其他水屬性成員不能發動攻擊
",
1099,"當場上的暗符石少於 5 粒時，隨機將暗屬性以外的符石轉化為暗符石，直至場上有 5 粒暗符石為止；其後，場上每粒暗符石旁的 1 粒符石會轉化為暗符石 (暗符石以外的符石優先)
",
1100,"1 回合內，扣減魔族成員的自身生命力 (隊伍總生命力最多減至 1)，並將魔族成員的自身生命力的 2.5 倍加入自身攻擊力，上限為提升至自身攻擊力 20 倍。此技能不能與神魔共鳴、魔力召喚或魔力歸一同時發動
",
1101,"1 回合內，消除符石的種類愈多，水屬性攻擊力提升愈多，最大提升至 2.2 倍
",
1102,"1 回合內，消除符石的種類愈多，水屬性攻擊力提升愈多，最大提升至 2.2 倍
",
1103,"1 回合內，消除符石的種類愈多，火屬性攻擊力提升愈多，最大提升至 2.2 倍
",
1104,"1 回合內，消除符石的種類愈多，火屬性攻擊力提升愈多，最大提升至 2.2 倍
",
1105,"1 回合內，消除符石的種類愈多，木屬性攻擊力提升愈多，最大提升至 2.2 倍
",
1106,"1 回合內，消除符石的種類愈多，木屬性攻擊力提升愈多，最大提升至 2.2 倍
",
1107,"1 回合內，每直行消除一組 4 粒或以上符石時 (只計算首批消除的符石)，該直行將產生 2 粒光符石
",
1108,"1 回合內，每直行消除一組 4 粒或以上符石時 (只計算首批消除的符石)，該直行將產生 2 粒光符石
",
1109,"1 回合內，每直行消除一組 4 粒或以上符石時 (只計算首批消除的符石)，該直行將產生 2 粒暗符石
",
1110,"1 回合內，每直行消除一組 4 粒或以上符石時 (只計算首批消除的符石)，該直行將產生 2 粒暗符石
",
1111,"火符石轉化為心符石
",
1112,"1 回合內，消除符石的種類愈多，水屬性攻擊力提升愈多，最大提升至 2.2 倍
",
1113,"木符石轉化為心符石
",
1114,"1 回合內，消除符石的種類愈多，火屬性攻擊力提升愈多，最大提升至 2.2 倍
",
1115,"水符石轉化為心符石
",
1116,"1 回合內，消除符石的種類愈多，木屬性攻擊力提升愈多，最大提升至 2.2 倍
",
1117,"暗符石轉化為心符石
",
1118,"1 回合內，每直行消除一組 4 粒或以上符石時 (只計算首批消除的符石)，該直行將產生 2 粒光符石
",
1119,"光符石轉化為心符石
",
1120,"1 回合內，每直行消除一組 4 粒或以上符石時 (只計算首批消除的符石)，該直行將產生 2 粒暗符石
",
1121,"1 回合內，隊伍的龍類成員愈多，水屬性及龍類攻擊力愈高，4 個龍類成員即可達至最大 2 倍
",
1122,"1 回合內，延長移動符石時間至 7 秒，所有成員無視屬性相剋
",
1123,"消秏現有 30% 的生命力，1 回合內，消秏的生命力愈多，木屬性及魔族攻擊力提升愈多，消秏 5000 點生命力即可達至最大 2 倍
",
1124,"隨機將光屬性以外的一種符石轉化為光符石
",
1125,"1 回合內，龍類攻擊力 2 倍，並無視全體敵人 90% 的防禦力
",
1126,"火符石轉化為心強化符石
",
1127,"場上有附加效果時，1 回合內，火屬性攻擊力 1.5 倍及火屬性魔族攻擊力 2.5 倍
",
1128,"延遲全體敵人行動 1 回合
",
1129,"將累積戰鬥回合 (需要消除符石) +1 數量的符石轉化為光符石，最多 8 粒；當累積至最多 8 粒時發動技能，轉化的光符石會以光強化符石代替。發動技能後可轉換符石數將重新累積
",
1130,"魔族攻擊力提升 1.8 倍，直至受到敵人攻擊為止
",
1131,"1 回合內，延長移動符石時間至 8 秒，並回復 50% 生命力
",
1132,"當場上只有 1 個敵人時，根據發動此技能時敵人的生命力觸發以下效果。
敵人生命力 90% 或以上時：消耗敵人 20% 生命力，1 回合內，暗屬性攻擊力 2 倍。
敵人生命力 50% 或以上，並少於 90% 時：2 回合內，暗屬性攻擊力 2 倍
敵人生命力少於 50% 時：2 回合內，暗屬性攻擊力 2.5 倍

",
1133,"1 回合內，消除的符石數量愈多，全隊攻擊力愈高，消除 30 粒可達至最大 2.5 倍
",
1134,"1 回合內，全隊攻擊力 1.3 倍，此回合發動的技能愈多 (此技能發動後計算)，全隊攻擊力提升愈多，發動 2 個技能全隊攻擊力可達至最大 2 倍
",
1135,"額外增加 3 行強化符石；15 秒內，可任意移動符石而不會發動消除
",
1136,"1 回合內，水屬性攻擊力 1.5 倍，並隨機將 3 粒符石轉化為水符石
",
1137,"隨機將 2 個角落共 8 粒符石轉化為水符石
",
1138,"1 回合內，火屬性攻擊力 1.5 倍，並隨機將 3 粒符石轉化為火符石
",
1139,"1 回合內，消除一組 5 粒或以上的火符石，火屬性攻擊力 1.5 倍
",
1140,"1 回合內，木屬性攻擊力 1.5 倍，並隨機將 3 粒符石轉化為木符石
",
1141,"1 回合內，消除一組 5 粒或以上的木符石，木屬性攻擊力 1.5 倍
",
1142,"1 回合內，光屬性攻擊力 1.5 倍，並隨機將 3 粒符石轉化為光符石
",
1143,"1 回合內，所有符石兼具其他屬性符石 30% 效果
",
1144,"1 回合內，暗屬性攻擊力 1.5 倍，並隨機將 3 粒符石轉化為暗符石
",
1145,"隨機將 2 個角落共 8 粒符石轉化為暗符石
",
1146,"火符石轉化為心符石
",
1147,"1 回合內，水屬性攻擊力 1.5 倍，並隨機將 3 粒符石轉化為水符石
",
1148,"木符石轉化為心符石
",
1149,"1 回合內，火屬性攻擊力 1.5 倍，並隨機將 3 粒符石轉化為火符石
",
1150,"水符石轉化為心符石
",
1151,"1 回合內，木屬性攻擊力 1.5 倍，並隨機將 3 粒符石轉化為木符石
",
1152,"暗符石轉化為心符石
",
1153,"1 回合內，光屬性攻擊力 1.5 倍，並隨機將 3 粒符石轉化為光符石
",
1154,"光符石轉化為心符石
",
1155,"1 回合內，暗屬性攻擊力 1.5 倍，並隨機將 3 粒符石轉化為暗符石
",
1156,"每次受到敵人攻擊時，場上隨機 3 粒符石轉化為心符石，效果持續至沒有消除心符石
",
1157,"若場上只有 1 個敵人時，1 回合內全隊攻擊力 1.5 倍；反之，1 回合內，敵方所受傷害的 100% 分別擴散到其他敵人身上
",
1158,"自身攻擊力 4 倍，下回合開始時回復 10% 自身總生命力，效果持續至沒有首批消除場上所有木符石
",
1159,"1 回合內，光符石不能被消除及減少 30% 所受傷害，下回合光屬性攻擊力 2 倍
",
1160,"延遲全體敵人行動 1 回合，場上敵人數量愈多，延遲行動的回合愈多，3 個敵人在場即可延遲全體敵人行動達最多 3 回合
",
1161,"火符石轉化為暗符石；消除場上所有暗符石時 (只計算首批消除的符石)，1 回合內暗屬性攻擊力 1.8 倍
",
1162,"隨機將 1 種屬性符石轉化為暗符石；若轉化的符石數量比原有的暗符石數量少， 1 回合內自身攻擊力 4 倍
",
1163,"自身對敵方全體造成自身攻擊力 100 倍光屬性傷害，其他成員則對敵方全體造成其自身 50 倍火屬性傷害
",
1164,"3 回合內，水屬性攻擊力 1.8 倍及全隊回復力變 0；並於第 3 回合結束時，完全回復生命力
",
1165,"每擊斃 1 個敵人可以累積 1 點靈力 (主動技能除外)，最多可累積 3 點。發動此技能時的靈力愈多，全隊攻擊力提升愈多，最大 2 倍。發動技能後靈力將重新累積
",
1166,"隨機將 3 至 5 粒符石轉化為水符石 (心符石優先轉換)
","變身成明鏡之諜 ‧ 冰花，隊伍中其他水屬性成員的主動技能 CD 減少 1
"
1167,"隨機將 4 至 6 粒符石轉化為水符石 (火符石優先轉換)
","1 回合內，自身攻擊力 10 倍，並消除所有附加效果
"
1168,"隨機將 3 至 5 粒符石轉化為火符石 (心符石優先轉換)
","變身成堅守赤心 ‧ 洛可可，隊伍中其他火屬性成員的主動技能 CD 減少 1
"
1169,"隨機將 4 至 6 粒符石轉化為火符石 (木符石優先轉換)
","將場上的符石轉化為固定數量及位置的心符石及火強化符石
"
1170,"隨機將 3 至 5 粒符石轉化為木符石 (心符石優先轉換)
","變身成拳風療動 ‧ 新月，隊伍中其他木屬性成員的主動技能 CD 減少 1
"
1171,"隨機將 4 至 6 粒符石轉化為木符石 (水符石優先轉換)
","心符石轉化為木強化符石，每轉化 1 粒符石將回復 10% 生命力，最多回復至 100% 生命力
"
1172,"隨機將 3 至 5 粒符石轉化為光符石 (心符石優先轉換)
","變身成思考殿主 ‧ 摩斯，隊伍中其他光屬性成員的主動技能 CD 減少 1
"
1173,"隨機將 4 至 6 粒符石轉化為光符石 (暗符石優先轉換)
","1 回合內，光屬性攻擊力 2 倍，10 秒內可任意移動符石而不會發動消除
"
1174,"隨機將 3 至 5 粒符石轉化為暗符石 (心符石優先轉換)
","變身成漆黑啟示 ‧ 優格圖，隊伍中其他暗屬性成員的主動技能 CD 減少 1
"
1175,"隨機將 4 至 6 粒符石轉化為暗符石 (光符石優先轉換)
","將場上的符石轉化為固定數量及位置的心符石及暗強化符石
"
1176,"水符石轉化為水強化符石，並隨機將場上 1 粒火、木、光及暗符石轉化為強化符石
",
1177,"將累積戰鬥回合 (需要消除符石) 雙倍數量的符石轉化為強化符石 (火符石優先轉換)；若轉換的符石數量多於 14 粒，該回合火屬性攻擊力 1.5 倍。發動技能後重置累積戰鬥回合
",
1178,"將累積戰鬥回合 (需要消除符石) 雙倍數量的符石轉化為強化符石 (木符石優先轉換)；若轉換的符石數量多於 14 粒，該回合木屬性攻擊力 1.5 倍。發動技能後重置累積戰鬥回合
",
1179,"2 回合內，光屬性及人類攻擊力 1.5 倍；光屬性人類攻擊力 2.25 倍
",
1180,"隨機將 3 至 7 粒暗屬性以外的符石轉化為暗符石；1 回合內，達成 7 連擊 (Combo) 或以上時，自身攻擊力 7 倍
",
1181,"對全體敵人造成 30,000 點水屬性傷害，此傷害無視防禦力，若沒有擊斃任何敵人，則隨機將 10 粒符石轉化為固定數量的水及心符石 (水及心以外的符石優先轉換)
",
1182,"所受傷害減少 35%，直至沒有消除火及心符石，不包括主動技及隊長技
",
1183,"1 回合内，全隊攻擊力 2.5 倍；下一回合全隊回復力變 0
",
1184,"1 回合内，隊伍成員的種族愈多，全隊攻擊力愈高，4 種族的成員即可達至最大 2.5 倍
",
1185,"1 回合內，全隊攻擊力 1.5 倍；將全隊對敵方造成實際傷害的 5% 轉化為生命力 (不計算主動及隊長技傷害)
",
1186,"將自身所在隊伍欄直行的符石轉化為暗符石；每 1 粒被轉化的暗以外的屬性符石，將提升全隊攻擊力，最大 1.5 倍
",
1187,"回復自身回復力 10 倍的生命力
",
1188,"1 回合內，光符石及暗符石兼具自身屬性符石效果
","一回合内，全隊以 50% 攻擊力追打水、火及木屬性攻擊各 1 次
"
1189,"光符石與心符石轉化為水符石；所轉化的符石愈多，1 回合內水屬性攻擊力愈高，轉化 8 粒符石即可達至最大 2 倍
",
1190,"達成 4 連擊 (Combo) 或以上時，全隊攻擊力 2 倍及回復力減少 50% (效果會在關閉此技能或死亡後消失)。此技能可隨時關閉，關閉時，隨機將 8 粒符石轉化為心符石
",
1191,"2 回合內，全隊攻擊力 1.5 倍，消除心符石時，無視全體敵人的防禦力
",
1192,"1 回合內，自身生命力愈低，回復力愈高，最大 3.5 倍；並將心以外的 1 種符石轉化為心符石
",
1193,"回復效果提升 2 倍，直至沒有消除心符石 (不包括主動及隊長技)；發動技能時，將自身所在隊伍欄直行的符石轉化為心符石
",
1194,"暗符石及心符石轉化為心強化符石
",
1195,"將與累積戰鬥回合數同等數量的符石轉化為心強化符石，最多 7 粒。發動技能後會將戰鬥回合數重置
",
1196,"1 回合內，將全體敵人的攻擊力減至 0；攻擊力最高的一個敵人每減少 3000 點攻擊力，自身攻擊力提升 1 倍，減少 18,000 點攻擊力即可達至最大 7 倍
",
1197,"1 回合內，火屬性攻擊力 1.5 倍；場上有附加效果時，於 7 秒內可任意移動符石而不會發動消除
",
1198,"1 回合內，全隊攻擊力 2 倍。回合結束時將場上的符石變回發動技能時的分佈
",
1199,"凍結敵方全體，使受影響目標無法行動並轉為水屬性，持續 3 回合
",
1200,"凍結敵方全體，使受影響目標無法行動並轉為水屬性，持續 3 回合
",
1201,"隨機將 1 至 5 種水以外的符石轉化為水符石，若轉換了 1 種或 5 種符石，則 1 回合內水屬性攻擊力 2 倍
",
1202,"1 回合內，人類攻擊力 2.5 倍
",
1203,"1 回合內，木屬性攻擊力 1.5 倍；並將移動符石時觸碰的首 6 粒符石轉化為木符石
",
1204,"2 回合內，自身攻擊力最高 (最左方) 的光屬性成員追打光屬性攻擊 3 次
",
1205,"點選一直行的符石，並將該直行的符石轉化為暗符石
",
1206,"1 回合內，火屬性攻擊力 1.5 倍，10 秒內可任意移動符石而不會發動消除；若擊斃所有敵人，下回合火屬性攻擊力 1.5 倍
",
1207,"1 回合內，移動符石後首批掉落的符石必定為木符石
",
1208,"暗屬性及人類攻擊力 1.5 倍，所受傷害減少 50%，直至受到敵人攻擊為止
",
1209,"隨機發動以下 1 種效果：1 回合內，全隊攻擊力 1.8 倍；或將 8 粒火屬性以外的符石轉化為火符石
",
1210,"自身生命力扣至 1；1 回合內，暗屬性攻擊力 2.5 倍及暗屬性魔族攻擊力 3 倍
",
1211,"連續引爆光屬性以外的符石 3 次
",
1212,"2 回合內，每回合扣除現有 10% 生命力，同時心符石兼具所有屬性符石效果
",
1213,"將隊長或戰友所在隊伍欄直行的符石轉化為木符石；並於10 秒內，可任意移動符石而不會發動消除
",
1214,"直接引爆場上所有水、火及木符石，以掉落光、暗及心強化符石；1 回合內，可任意移動符石而不會發動消除
",
1215,"隨機將 5 粒或以上的符石轉化為火符石
",
1216,"1 回合內，移動符石時間延長至 8 秒；消除一組 6 粒或以上的水符石，水屬性攻擊力 1.5 倍
",
1217,"1 回合內，移動符石時間延長至 8 秒；消除一組 6 粒或以上的火符石，火屬性攻擊力 1.5 倍
",
1218,"1 回合內，移動符石時間延長至 8 秒；消除一組 6 粒或以上的木符石，木屬性攻擊力 1.5 倍
",
1219,"1 回合內，移動符石時間延長至 8 秒；消除一組 6 粒或以上的光符石，光屬性攻擊力 1.5 倍
",
1220,"1 回合內，移動符石時間延長至 8 秒；消除一組 6 粒或以上的暗符石，暗屬性攻擊力 1.5 倍
",
1221,"3 回合內，無視全體敵人 75% 的防禦力
",
1222,"1 回合內，自身攻擊力 20 倍。(攻擊力不可與其他成員共享)
",
1223,"3 回合內，無視全體敵人 75% 的防禦力
",
1224,"將 10 個固定位置的符石轉化：當中的火符石轉化為火強化符石，其他符石則轉化為火符石。1 回合內，火屬性及獸類攻擊力 2 倍
",
1225,"3 回合內，無視全體敵人 75% 的防禦力
",
1226,"1 回合內，木屬性及獸類攻擊力 1.5 倍
","完全回復生命力。1 回合內，迴避所有攻擊；此外，2 回合內，所有符石兼具木符石效果
"
1227,"3 回合內，無視全體敵人 75% 的防禦力
",
1228,"消耗現有 20% 生命力，1 回合內，迴避所有敵人的攻擊。下回合開始前，將所有符石轉化為強化符石，且全隊攻擊力 1.5 倍
",
1229,"3 回合內，無視全體敵人 75% 的防禦力
",
1230,"隨機將 4 至 7 粒符石轉化為暗強化符石 (水、火及木符石優先轉換)
",
1231,"所受傷害減少 20%，直至沒有消除水及心符石，不包括主動技及隊長技能
",
1232,"引爆心符石以掉落強化符石及增加妖精類攻擊力，引爆 8 粒可達至最大 3 倍
",
1233,"2 回合內，首次所受傷害不會使你死亡
",
1234,"3 回合內，全隊攻擊力持續提升，最大 2.2 倍
",
1235,"引爆心符石以掉落強化符石及增加獸類攻擊力，引爆 8 粒即可達至最大 3 倍
",
1236,"對單一敵人造成 10 倍水屬性傷害
",
1237,"1 回合內，延長移動符石時間至 10 秒，消除符石的組數愈多時，全隊攻擊力愈高，消除 10 組可達至最大 2.5 倍
",
1238,"對單一敵人造成 10 倍火屬性傷害
",
1239,"所有符石隨機轉化為水、火、木及心符石，同時火符石出現率上升，並將火符石以火強化符石代替
",
1240,"對單一敵人造成 10 倍木屬性傷害
",
1241,"木符石轉化為木強化符石，並直接引爆場上所有光及暗符石，以掉落水、火、木及心強化符石
",
1242,"對單一敵人造成 10 倍光屬性傷害
",
1243,"消耗現有一半生命力，以 25 倍所扣除生命力對敵方全體造成光屬性傷害
",
1244,"對單一敵人造成 10 倍暗屬性傷害
",
1245,"1 回合內，暗屬性攻擊力 2 倍，自身攻擊力額外提升 3 倍
",
1246,"對單一敵人造成 10 倍水屬性傷害
",
1247,"1 回合內，減少所受傷害 30%，消除水符石及心符石時，則減少所受傷害 60%
",
1248,"對單一敵人造成 10 倍木屬性傷害
",
1249,"1 回合內，魔族攻擊力及回復力 1.5 倍
",
1250,"對單一敵人造成 10 倍光屬性傷害
",
1251,"1 回合內，光屬性攻擊力 1.5 倍；並將移動符石時觸碰的首 6 粒符石轉化為光符石
",
1252,"2 回合內，暗屬性攻擊力 2 倍，並將心符石的掉落機率降至 0
",
1253,"1 回合內，若首批消除的連擊 (Combo) 數為單數時，火屬性攻擊力 1.5 倍；反之，人類及魔族攻擊力 1.5 倍。若首批消除的連擊 (Combo) 數達至 6 或以上，可以同時獲得以上兩個效果
",
1254,"1 回合內，妖精攻擊力及回復力 1.5 倍；消除心符石時，所有成員的主動技能 CD 減少 2
",
1255,"1 回合內，暗屬性及獸類攻擊力 2.5 倍；而且所有成員無視屬性相剋
",
1256,"當場上的水符石少於 5 粒時，將 3 粒符石轉化為水強化符石 (木符石優先轉換)；反之，將水符石轉化為水強化符石
",
1257,"當場上的火符石少於 5 粒時，將 3 粒符石轉化為火強化符石 (水符石優先轉換)；反之，將火符石轉化為火強化符石
",
1258,"完全回復生命力，並解除所有成員被鎖的技能及清除敵人身上的控制技能 (此技能無視封鎖技能)
",
1259,"所有符石轉化為強化符石；1 回合內，消除的強化符石愈多，全隊攻擊力愈高，消除 25 粒可達至最大 2 倍
",
1260,"全隊攻擊力 1.5 倍，每回合扣除現有 20% 生命力，效果持續至受到 2 次攻擊為止
",
1261,"每次只能選取 1 個效果。效果1：1 回合內，水屬性攻擊力 1.8 倍，並於移動符石時間內，可任意移動符石而不會發動消除效果2：心符石轉化為水強化符石，同時將火符石轉化為心強化符石，並將木符石轉化為光強化符石
",
1262,"每次只能選取 1 個效果。效果1：1 回合內，火屬性攻擊力 1.5 倍，並無視全體敵人的防禦力效果2：心符石轉化為火強化符石，同時將木符石轉化為心強化符石，並將光符石轉化為暗強化符石
",
1263,"每次只能選取 1 個效果。效果1：1 回合內，木屬性攻擊力 1.75 倍，並消除所有附加效果，消除的效果愈多，木屬性攻擊力提升愈多，最大提升至 2.5 倍效果2：心符石轉化為木強化符石，同時將水符石轉化為心強化符石，並將火符石轉化為光強化符石
",
1264,"每次只能選取 1 個效果。效果1：1 回合內，光屬性攻擊力 1.8 倍，並延長移動符石時間 2 秒效果2：心符石轉化為光強化符石，同時將暗符石轉化為心強化符石，並將火符石轉化為水強化符石
",
1265,"每次只能選取 1 個效果。效果1：1 回合內，暗及光屬性攻擊力 2 倍效果2：心符石轉化為暗強化符石，同時將光符石轉化為心強化符石，並將水符石轉化為木強化符石
",
1266,"2 回合內，全隊攻擊力 1.8 倍，並減少所受傷害 65%
",
1267,"將木符石轉化為火符石；所轉化的符石愈多，1 回合內全隊攻擊力愈高，轉化 6 粒木符石即可達至最大 2.2 倍
",
1268,"1 回合內，全隊攻擊力 2 倍。若使用相同的隊長及戰友時，全隊攻擊力 3 倍
",
1269,"將暗符石轉化為光符石；所轉化的符石愈多，1 回合內全隊攻擊力愈高，轉化 6 粒暗符石即可達至最大 2.2 倍
",
1270,"1 回合內，自身及身旁的成員攻擊力 3.5 倍；若身旁成員的攻擊力均低於自己，則效果持續 2 回合
",
1271,"1 回合內，個人追打水屬性攻擊 3 次
",
1272,"1 回合內，個人追打火屬性攻擊 3 次
",
1273,"1 回合內，個人追打木屬性攻擊 3 次
",
1274,"1 回合內，個人追打光屬性攻擊 3 次
",
1275,"1 回合內，個人追打暗屬性攻擊 3 次
",
1276,"1 回合內，個人追打水屬性攻擊 3 次
",
1277,"光符石轉化為水符石，暗符石轉化為火符石，並將心符石轉化為木符石；1 回合內，水符石兼具 50% 心符石效果
",
1278,"1 回合內，個人追打火屬性攻擊 3 次
",
1279,"將 8 個固定位置的符石轉化為火符石；1 回合內，延長移動符石時間至 8 秒
",
1280,"1 回合內，個人追打木屬性攻擊 3 次
",
1281,"1 回合內，每消除 1 組水、火或木符石，個人追打光屬性攻擊 1 次 ，最多可追打 10 次
",
1282,"1 回合內，個人追打光屬性攻擊 3 次
",
1283,"將技能冷卻中的成員所在隊伍欄直行的符石轉化為光符石
",
1284,"1 回合內，個人追打暗屬性攻擊 3 次
",
1285,"暗符石轉化為暗強化符石；1 回合內，連擊 (Combo) 數目增加 8
",
1286,"1 回合內，個人追打水屬性攻擊 3 次
",
1287,"將最左方直行的符石轉化為水符石，並將最右方直行的符石轉化為光符石；1 回合內，水屬性成員追打光屬性攻擊 1 次，光屬性成員則追打水屬性攻擊 1 次
",
1288,"1 回合內，個人追打光屬性攻擊 3 次
",
1289,"發動此技能及下回合開始時，將 3 粒水及光以外的符石轉化為光強化符石
",
1290,"1 回合內，個人追打暗屬性攻擊 3 次
",
1291,"光及心符石轉化為暗符石
",
1292,"每次只能選取 1 個效果。效果1：延遲全體敵人行動 1 回合效果2：15 秒內，可任意移動符石而不會發動消除
",
1293,"光符石與暗符石轉化為心強化符石，2 回合內，減少所受傷害 50%
",
1294,"點選元素法陣上的 1 粒符石，並將該種符石轉化為木強化符石
",
1295,"2 回合內，光屬性攻擊力及回復力 1.5 倍，光屬性神族攻擊力及回復力則提升 2 倍
",
1296,"將場上的符石轉化為固定數量的心及暗符石
",
1297,"連續引爆火屬性以外的符石 3 次，並根據引爆的符石數量倍化自身攻擊力對敵方全體造成火屬性傷害。1 回合內，消除 8 粒或以上的火符石，火屬性攻擊力 1.5 倍
",
1298,"額外增加 3 行符石，並大幅延長移動符石時間至 12 秒
",
1299,"凍結敵方全體，使受影響目標無法行動並轉為水屬性，持續 3 回合
",
1300,"凍結敵方全體，使受影響目標無法行動並轉為水屬性，持續 3 回合
",
1301,"將 4 個角落共 12 粒符石轉化為水符石，1 回合內，以 30% 自身攻擊力追打 20 次水屬性攻擊
",
1302,"將 4 個角落共 12 粒符石轉化為火符石，1 回合內，以 30% 自身攻擊力追打 20 次火屬性攻擊
",
1303,"將 4 個角落共 12 粒符石轉化為木符石，1 回合內，以 30% 自身攻擊力追打 20 次木屬性攻擊
",
1304,"將 4 個角落共 12 粒符石轉化為光符石，1 回合內，以 30% 自身攻擊力追打 20 次光屬性攻擊
",
1305,"將 4 個角落共 12 粒符石轉化為暗符石，1 回合內，以 30% 自身攻擊力追打 20 次暗屬性攻擊
",
1306,"火符石轉化為火強化符石，1 回合內自身追打 3 次火屬性攻擊
","人類及魔族攻擊力 2.5 倍
"
1307,"心符石轉化為火符石，1 回合內，自身及身旁成員的攻擊力 2 倍
","人類及魔族攻擊力 2.5 倍
"
1308,,
1309,"1 回合內，若生命力全滿：自身生命力扣至 1，並將心符石轉化為自身屬性符石；移動符石前自身生命力愈低，全隊攻擊力愈高，最大 2.5 倍。反之，自身生命力愈低，全隊攻擊力愈高，最大 3.5 倍
",
1310,"1 回合內，全隊攻擊力 2.5 倍；若在最左及最右直行各消除 1 組 5 粒或以上的符石，下回合全隊攻擊力 2.5 倍
","隨機將 5 粒自身屬性以外的符石轉化為自身屬性符石，並將自身屬性符石及心符石轉化為強化符石
"
1311,"1 回合內，水屬性攻擊力 1.5 倍，並可選擇將隊長或戰友所在隊伍欄直行的符石轉化為水強化符石
",
1312,"2 回合內，全隊攻擊力 1.8 倍及全體敵人的攻擊力弱化 85%，期間所有減傷效果無效
",
1313,"1 回合內，木屬性攻擊力 1.5 倍，並可選擇將隊長或戰友所在隊伍欄直行的符石轉化為木強化符石
",
1314,"2 回合內，全隊攻擊力 1.8 倍及全體敵人的攻擊力弱化 85%，期間所有減傷效果無效
",
1315,"1 回合內，暗屬性攻擊力 1.5 倍，並可選擇將隊長或戰友所在隊伍欄直行的符石轉化為暗強化符石
",
1316,"對敵方全體造成自身攻擊力 80 倍的水屬性傷害；並將 3 粒符石轉化為水符石 (心符石優先轉換)，首次使用後有一定機會可即時再次發動技能 (每層最多觸發一次) ，隊伍中的龍類成員愈多，機率愈高，最高可達 60% 機率 (機率不能疊加)
",
1317,"對敵方全體造成自身攻擊力 80 倍的火屬性傷害；並將 3 粒符石轉化為火符石 (心符石優先轉換)，首次使用後有一定機會可即時再次發動技能 (每層最多觸發一次) ，隊伍中的龍類成員愈多，機率愈高，最高可達 60% 機率 (機率不能疊加)
",
1318,"對敵方全體造成自身攻擊力 80 倍的木屬性傷害；並將 3 粒符石轉化為木符石 (心符石優先轉換)，首次使用後有一定機會可即時再次發動技能 (每層最多觸發一次) ，隊伍中的龍類成員愈多，機率愈高，最高可達 60% 機率 (機率不能疊加)
",
1319,"對敵方全體造成自身攻擊力 80 倍的光屬性傷害；並將 3 粒符石轉化為光符石 (心符石優先轉換)，首次使用後有一定機會可即時再次發動技能 (每層最多觸發一次) ，隊伍中的龍類成員愈多，機率愈高，最高可達 60% 機率 (機率不能疊加)
",
1320,"對敵方全體造成自身攻擊力 80 倍的暗屬性傷害；並將 3 粒符石轉化為暗符石 (心符石優先轉換)，首次使用後有一定機會可即時再次發動技能 (每層最多觸發一次) ，隊伍中的龍類成員愈多，機率愈高，最高可達 60% 機率 (機率不能疊加)
",
1321,"2 回合內，自身攻擊力 3 倍。若身旁的成員同為水屬性或獸類，同得此效果
",
1322,"敵方全體點燃，使受影響目標無法行動並轉為火屬性，持續 3 回合。效果持續期間火屬性攻擊力 1.5 倍
",
1323,"1 回合內，自身攻擊力 12 倍。(攻擊力不可與其他成員共享)
",
1324,"2 回合內，自身攻擊力 3 倍。若身旁的成員同為光屬性或獸類，同得此效果
",
1325,"1 回合內，自身攻擊力 12 倍。(攻擊力不可與其他成員共享)
",
1326,"全隊攻擊力 1.5 倍，技能發動回合擊斃敵人的數量總和，將轉化為效果持續回合 (主動技能除外)；若有擊斃敵人時，該回合不會扣減技能持續回合
",
1327,"將場上的符石變回原始模樣。1 回合內，所有符石兼具水符石效果
",
1328,"全隊攻擊力 1.5 倍，技能發動回合擊斃敵人的數量總和，將轉化為效果持續回合 (主動技能除外)；若有擊斃敵人時，該回合不會扣減技能持續回合
",
1329,"將場上的符石變回原始模樣。1 回合內，所有符石兼具火符石效果
",
1330,"全隊攻擊力 1.5 倍，技能發動回合擊斃敵人的數量總和，將轉化為效果持續回合 (主動技能除外)；若有擊斃敵人時，該回合不會扣減技能持續回合
",
1331,"將場上的符石變回原始模樣。1 回合內，所有符石兼具木符石效果
",
1332,"全隊攻擊力 1.5 倍，技能發動回合擊斃敵人的數量總和，將轉化為效果持續回合 (主動技能除外)；若有擊斃敵人時，該回合不會扣減技能持續回合
",
1333,"消耗現有 75% 的生命力，1 回合內，所有符石兼具光符石效果；若未能擊斃所有敵人，則回復所消耗的生命力
",
1334,"全隊攻擊力 1.5 倍，技能發動回合擊斃敵人的數量總和，將轉化為效果持續回合 (主動技能除外)；若有擊斃敵人時，該回合不會扣減技能持續回合
",
1335,"消耗現有 75% 的生命力，1 回合內，所有符石兼具暗符石效果；若未能擊斃所有敵人，則回復所消耗的生命力
",
1336,"隨機將 4 至 7 粒符石轉化為水強化符石 (光及暗符石優先轉換)。若隊伍中有 4 個或以上人類成員時，轉化 7 粒水強化符石的機率大幅提升
",
1337,"心符石的掉落機率降至 0，並將原有機率增加至火符石的掉落機率 (效果會在再次發動此技能或死亡後消失)
",
1338,"3 回合內，全隊攻擊力 1.8 倍；並於第 3 回合結束時，完全回復生命力
",
1339,"木符石轉化為光強化符石，同時將火符石轉化為暗強化符石
","1 回合內，敵方全體轉為暗屬性，並提升光及暗屬性對暗屬性目標的攻擊力
"
1340,"將累積戰鬥回合 (需要消除符石) +1 數量的符石轉化為暗符石，最多 8 粒；當累積至最多 8 粒時發動技能，轉化的暗符石會以暗強化符石代替。發動技能後可轉換符石數將重新累積
",
1341,"每回合敵方所受傷害的 110% 再爆發 (不包括無屬性傷害)，此傷害無視屬性及防禦力，效果持續 2 回合；每回合結束時，所有符石轉化為強化符石
",
1342,"敵方全體點燃，使受影響目標轉為火屬性及受到自身攻擊力 60 倍的火屬性傷害，並持續到死亡；效果持續期間，觸碰被燃燒的位置所受的傷害減至 0 (不包括煉獄之火所造成的傷害)
",
1343,"3 回合內，全隊攻擊力 1.5 倍，妖精類攻擊力則提升至 2 倍，敵方所受傷害的 20% 轉化為我方生命力
",
1344,"3 回合內，移動符石時觸碰的符石轉化為妖族符石，敵方所受傷害的 50% 分別擴散到其他敵人身上
",
1345,"3 回合內，敵方互相或自我進行 1 次攻擊
",
1346,"1 回合內，機械族及水屬性成員攻擊力 1.8 倍，每多 1 個附加效果，攻擊力額外提升 0.4 倍，最多可提升至最大 3 倍
",
1347,"1 回合內，發動技能時若生命力為 50% 或以上：減少 40% 所受傷害，並延長移動符石時間至 10 秒。反之，1 回合內，減少 80% 所受傷害，並延長移動符石時間至 15 秒
",
1348,"每回合發動攻擊前以 60 倍自身攻擊力對敵方全體造成無屬性傷害 (需消除符石及效果會在關閉此技能或死亡後消失)。此技能可隨時關閉，關閉時，所有機械族成員的主動技能 CD 減少 1
",
1349,"在全部或最少 4 個成員可發動主動技時，發動此技會將所有成員技能 CD 重置：1 回合內，自身攻擊力及回復力 10 倍 (攻擊力不可與其他成員共享)
",
1350,"隨機將場上 1 粒水、火、木、光及暗符石轉化為強化符石；1 回合內，消除屬性強化符石時，個人追打與消除強化符石屬性相同的攻擊各 1 次
",
1351,"1 回合內，延長移動符石時間至 12 秒，消除符石的種類愈多，水屬性攻擊力提升愈多，最大提升至 2.2 倍
",
1352,"1 回合內，延長移動符石時間至 12 秒，消除符石的種類愈多，火屬性攻擊力提升愈多，最大提升至 2.2 倍
",
1353,"1 回合內，延長移動符石時間至 12 秒，消除符石的種類愈多，木屬性攻擊力提升愈多，最大提升至 2.2 倍
",
1354,"1 回合內，每直行消除一組 4 粒或以上的符石時 (只計算首批消除的符石)，該直行將產生 2 粒光強化符石
",
1355,"1 回合內，每直行消除一組 4 粒或以上的符石時 (只計算首批消除的符石)，該直行將產生 2 粒暗強化符石
",
1356,"水屬性傷害持續提升，直至沒有消除一組 5 粒或以上的水符石 (只計算首批消除的符石)。每累計消除 20 粒符石，水屬性傷害加快提升。水屬性傷害會於每一層數 (Wave) 重置
",
1357,"3 回合內，每回合隨機將 5 粒火符石轉化為水強化神族符石
",
1358,"火屬性傷害持續提升，直至沒有消除一組 5 粒或以上的火符石 (只計算首批消除的符石)。每累計消除 20 粒符石，火屬性傷害加快提升。火屬性傷害會於每一層數 (Wave) 重置
",
1359,"3 回合內，每回合隨機將 5 粒木符石轉化為火強化神族符石
",
1360,"木屬性傷害持續提升，直至沒有消除一組 5 粒或以上的木符石 (只計算首批消除的符石)。每累計消除 20 粒符石，木屬性傷害加快提升。木屬性傷害會於每一層數 (Wave) 重置
",
1361,"3 回合內，每回合隨機將 5 粒水符石轉化為木強化神族符石
",
1362,"光屬性傷害持續提升，直至沒有消除一組 5 粒或以上的光符石 (只計算首批消除的符石)。每累計消除 20 粒符石，光屬性傷害加快提升。光屬性傷害會於每一層數 (Wave) 重置
",
1363,"3 回合內，每回合隨機將 5 粒暗符石轉化為光強化神族符石
",
1364,"暗屬性傷害持續提升，直至沒有消除一組 5 粒或以上的暗符石 (只計算首批消除的符石)。每累計消除 20 粒符石，暗屬性傷害加快提升。暗屬性傷害會於每一層數 (Wave) 重置
",
1365,"3 回合內，每回合隨機將 5 粒光符石轉化為暗強化神族符石
",
1366,"1 回合內，首批消除 12 粒或以下符石時，回復 25000 點生命力；反之，全隊攻擊力 2.2 倍
",
1367,"1 回合內，首批消除 12 粒或以下符石時，回復 25000 點生命力；反之，全隊攻擊力 2.2 倍
",
1368,"1 回合內，首批消除 12 粒或以下符石時，無視全體敵人的防禦力；反之，全隊攻擊力 2.2 倍
",
1369,"1 回合內，首批消除 12 粒或以下符石時，減少 85% 所受傷害；反之，全隊攻擊力 2.2 倍
",
1370,"1 回合內，首批消除 12 粒或以下符石時，無視全體敵人的防禦力；反之，全隊攻擊力 2.2 倍
",
1371,"暗及心符石轉化為水強化符石；所轉化的符石愈多，1 回合內水屬性攻擊力愈高，轉化 10 粒符石可達至最大 2.25 倍
",
1372,"水符石掉落率提升至 20%，消除水符石愈多，水屬性攻擊力愈高，消除 12 粒水符石可達至最大 2.2 倍，效果持續至沒有消除神族符石
",
1373,"達成 4 連擊 (Combo) 或以上時，全隊攻擊力 2 倍 (效果會在關閉此技能或死亡後消失)。此技能可隨時關閉，關閉時，隨機將 8 粒符石轉化為心強化符石
",
1374,"木符石掉落率降至 0，並將原有機率增加至火符石的掉落機率，消除神族符石時，火符石掉落率提升至 40% (效果會在再次發動此技能或死亡後消失)
",
1375,"隨機將 2 個角落共 8 粒符石轉化為水神族符石
",
1376,"火符石轉化為神族符石。1 回合內，消除 1 組 5 粒或以上的火符石，火屬性攻擊力 1.6 倍
",
1377,"木符石轉化為神族符石。1 回合內，消除 1 組 5 粒或以上的木符石，木屬性攻擊力 1.6 倍
",
1378,"1 回合內，所有符石兼具 30% 其他屬性符石效果；若隊伍中有 5 個或以上種族時，隨機將 3 粒水、火、木、光及暗符石轉化為強化符石
",
1379,"隨機將 2 個角落共 8 粒符石轉化為暗神族符石
",
1380,"直接引爆水屬性以外的符石造成敵方全體水屬性傷害；並提高水屬性攻擊力：引爆的符石愈多，水屬性攻擊力愈高，25 粒可達至最高 2 倍
",
1381,"隨機將 3 粒符石轉化為水強化符石。發動技能時，若敵方全體均為火屬性，1 回合內，提升水屬性對火屬性目標的攻擊力；反之，將敵方全體轉為火屬性
",
1382,"直接引爆火屬性以外的符石造成敵方全體火屬性傷害；並提高火屬性攻擊力：引爆的符石愈多，火屬性攻擊力愈高，25 粒可達至最高 2 倍
",
1383,"隨機將 3 粒符石轉化為火強化符石。發動技能時，若敵方全體均為木屬性，1 回合內，提升火屬性對木屬性目標的攻擊力；反之，將敵方全體轉為木屬性
",
1384,"直接引爆木屬性以外的符石造成敵方全體木屬性傷害；並提高木屬性攻擊力：引爆的符石愈多，木屬性攻擊力愈高，25 粒可達至最高 2 倍
",
1385,"隨機將 3 粒符石轉化為木強化符石。發動技能時，若敵方全體均為水屬性，1 回合內，提升木屬性對水屬性目標的攻擊力；反之，將敵方全體轉為水屬性
",
1386,"直接引爆光屬性以外的符石造成敵方全體光屬性傷害；並提高光屬性攻擊力：引爆的符石愈多，光屬性攻擊力愈高，25 粒可達至最高 2 倍
",
1387,"隨機將 3 粒符石轉化為光強化符石。發動技能時，若敵方全體均為暗屬性，1 回合內，提升光屬性對暗屬性目標的攻擊力；反之，將敵方全體轉為暗屬性
",
1388,"直接引爆暗屬性以外的符石造成敵方全體暗屬性傷害；並提高暗屬性攻擊力：引爆的符石愈多，暗屬性攻擊力愈高，25 粒可達至最高 2 倍
",
1389,"隨機將 3 粒符石轉化為暗強化符石。發動技能時，若敵方全體均為光屬性，1 回合內，提升暗屬性對光屬性目標的攻擊力；反之，將敵方全體轉為光屬性
",
1390,"1 回合內，自身攻擊力 20 倍。(攻擊力不可與其他成員共享)
",
1391,"將 10 個固定位置的符石轉化為火強化符石。1 回合內，火屬性攻擊力 2 倍，火屬性獸類及獸類攻擊力 3 倍
",
1392,"1 回合內，木屬性及獸類攻擊力 1.5 倍，木屬性獸類攻擊力則提升至 1.8 倍
","完全回復生命力。1 回合內，迴避所有攻擊；2 回合內，所有符石兼具隊伍中獸類成員屬性效果
"
1393,"1 回合內，迴避所有敵人的攻擊。下回合開始前，所有符石轉化為龍族強化符石，全隊攻擊力 1.5 倍
",
1394,"將 4 至 7 粒符石轉化為暗強化符石 (水、火及木符石優先轉換)；若隊伍中有 4 個以上龍類成員時，轉化 7 粒暗強化符石的機率大幅提升
",
1395,"1 回合內，消除 3 種或以上的符石，全隊攻擊力 3 倍；下回合隨機將 3 個魔族成員直行的符石轉化為魔族強化符石
",
1396,"沒有技能
",
1397,"消除的符石數目愈多，全隊攻擊力愈高，消除 30 粒可達至最大 2.5 倍，效果持續至沒有消除 12 粒或以上自身屬性符石
",
1398,"沒有技能
",
1399,"凍結敵方全體，使受影響目標無法行動並轉為水屬性，持續 3 回合
",
1400,"凍結敵方全體，使受影響目標無法行動並轉為水屬性，持續 3 回合
",
1401,"於「瘋頭」系列中，屬於極為稀有的瘋頭
",
1402,"於「瘋頭」系列中，屬於極為稀有的瘋頭
",
1403,"於「瘋頭」系列中，屬於極為稀有的瘋頭
",
1404,"木屬性傷害可剋制火屬性目標。每消除一組木符石，個人追打木屬性攻擊 1 次，最多 10 次 (效果會在關閉此技能或死亡後消失)。技能關閉時，所有符石轉化為木符石
",
1405,"1 回合內，光屬性攻擊力及回復力 2 倍；當隊伍中所有成員的攻擊力基值相同時，所有符石兼具 50% 其他屬性符石效果
",
1406,"1 回合內，延長移動符石時間至 9 秒，並將所有符石轉化為固定數量的水、火、木、光及暗強化符石
",
1407,"1 回合內，全隊攻擊力 1.8 倍；隊伍中每多一個獸類成員，額外增加效果持續 1 回合，最多可持續 6 回合
",
1408,"心符石的掉落機率降至 0，並將原有機率增加至木符石的掉落機率 (效果會在再次發動此技能或死亡後消失)
",
1409,"獸類攻擊力 2 倍，效果持續至沒有發動 3 種屬性攻擊
",
1410,"1 回合內，沒有消除心符石，全隊攻擊力 2.2 倍；反之，全隊攻擊力及回復力 1.5 倍
",
1411,"水符石轉化為水強化符石
",
1412,"火符石轉化為火強化符石
",
1413,"木符石轉化為木強化符石
",
1414,"光符石轉化為光強化符石
",
1415,"暗符石轉化為暗強化符石
",
1416,"將最多 3 粒火符石轉化為水符石
",
1417,"所有符石兼具 75% 水符石效果；若技能發動時場上有水、火、木、光及暗符石時，當前技能 CD 減少 3
",
1418,"將最多 3 粒木符石轉化為火符石
",
1419,"1 回合內，全隊攻擊力 2 倍；若技能發動時場上有 5 粒或以上的火符石，效果持續 2 回合
",
1420,"將最多 3 粒水符石轉化為木符石
",
1421,"木符石轉化為木強化符石；若技能發動時場上沒有心符石，將所有符石轉化為獸族符石
",
1422,"將最多 3 粒暗符石轉化為光符石
",
1423,"3 回合內，首批消除場上所有光符石時，下回合開始時將最底一橫行的符石轉化為光強化符石；反之，下回合開始時將 3 粒符石 (心符石優先轉換) 轉化為光強化符石
",
1424,"將最多 3 粒光符石轉化為暗符石
",
1425,"光符石轉化為暗符石，暗符石轉化為暗神族符石
",
1426,"將所有符石轉化為神族符石；1 回合內，吸收本回合敵人首次攻擊傷害，並以所吸收攻擊力的 5 倍對其進行火屬性反擊，此傷害無視防禦力
",
1427,"將所有符石轉化為神族符石；1 回合內，吸收本回合敵人首次攻擊傷害，並以所吸收攻擊力的 5 倍對其進行火屬性反擊，此傷害無視防禦力
",
1428,"將場上所有符石轉化為固定數量及位置的心符石及木強化符石
",
1429,"將場上所有符石轉化為固定數量及位置的心符石及木強化符石
",
1430,"移動符石時間延長至 10 秒，於移動符石時間內，可任意移動符石而不會發動消除，並無視全體敵人的防禦力。效果持續至沒有擊斃所有敵人
",
1431,"移動符石時間延長至 10 秒，於移動符石時間內，可任意移動符石而不會發動消除，並無視全體敵人的防禦力。效果持續至沒有擊斃所有敵人
",
1432,"1 回合內，個人對敵方全體追打全隊總攻擊力 1.5 倍的水屬性攻擊 1 次
",
1433,"將 3 粒符石轉化為火符石 (光及暗符石優先轉換)。隊伍中每多 1 個神族成員，額外將 2 粒符石轉化為火符石。若隊伍中有 3 個或以上的神族成員時，轉化的火符石會以火強化符石代替
",
1434,"延遲水屬性敵人行動 2 回合，而且首回合木屬性攻擊力 1.5 倍，並直接引爆場上所有水符石，以掉落水屬性以外的符石，引爆的水符石愈多，木屬性攻擊力提升愈多，5 粒可提升至最大 2.5 倍
",
1435,"心符石轉化為心強化符石，同時將心以外的符石轉化為光強化符石
",
1436,"1 回合內，暗屬性攻擊力 1.5 倍，並將移動符石時觸碰的首 6 粒符石轉化為暗強化符石
",
1437,"光及暗符石轉化為水強化符石
",
1438,"回復隊伍 50% 生命力；暗符石轉化為光強化符石，並將木符石轉化為水強化符石
",
1439,"所有符石轉化為強化符石。1 回合內，神族及魔族攻擊力 2 倍；光符石兼具 50% 心符石效果及暗符石兼具 50% 光符石效果
",
1440,"所有成員攻擊力提升 1.3 倍，同時暗屬性符石掉落率提升，每回合開始時，暗符石轉化為暗強化符石 (效果會在關閉此技能或死亡後消失)。此技能可隨時關閉，關閉時，該回合暗屬性神族攻擊力 2 倍及當前技能 CD 減少 2
",
1441,"隨機將 3 粒火符石轉化為心符石
",
1442,"隨機將 3 粒木符石轉化為心符石
",
1443,"隨機將 3 粒水符石轉化為心符石
",
1444,"隨機將 3 粒暗符石轉化為心符石
",
1445,"隨機將 3 粒光符石轉化為心符石
",
1446,"隨機將 3 粒火符石轉化為心符石
",
1447,"2 回合內，全隊攻擊力 1.5 倍，隊伍中每多一個水屬性人類或光屬性人類成員時，攻擊力提升，最多提升至 2.5 倍
",
1448,"隨機將 3 粒木符石轉化為心符石
",
1449,"點選一直行的符石，並將該直行的符石轉化為火符石
",
1450,"隨機將 3 粒水符石轉化為心符石
",
1451,"1 回合內，隨機 3 個人類成員的攻擊力提升 3 倍
",
1452,"隨機將 3 粒暗符石轉化為心符石
",
1453,"1 回合內，消除水符石時，減少所受傷害 60%；消除火符石時，無視全體敵人的防禦力；消除木符石時，回復 15000 點生命力。同時消除水、火及木符石時，全隊攻擊力提升 2 倍
",
1454,"隨機將 3 粒光符石轉化為心符石
",
1455,"水符石轉化為暗強化符石，下回合開始時，將本回合所消除強化符石的數量等值的符石轉化為暗強化符石 (水及光符石優先轉換)
","每回合自身攻擊力持續提升，最大 4 倍，直至自身沒有發動攻擊
"
1456,"隨機將 3 粒木符石轉化為心符石
",
1457,"火屬性攻擊力 2 倍，直至沒有消除 5 連擊 (Combo) 或以上的符石
",
1458,"隨機將 3 粒水符石轉化為心符石
",
1459,"隨機將 2 個角落共 8 粒符石轉化為木符石
",
1460,"隨機將 3 粒暗符石轉化為心符石
",
1461,"1 回合內，隊伍成員的屬性愈多，回復力愈高，最大 3.5 倍；當隊伍中所有成員的回復力基值相同時，所有成員追打一次暗屬性傷害，並將全隊對敵方造成傷害的 5% 轉化為生命力 (不計算主動及隊長技傷害)
",
1462,"水符石轉化為人族符石；2 回合內，每回合扣除 30% 總生命力，水屬性攻擊力 2.25 倍，若技能發動時隊伍回復為 0 時，則不會每回合扣除生命力
",
1463,"木符石轉化為火強化符石；並將 4 個角落共 4 粒符石轉化為火符石。若技能發動後 4 個角落均為火符石時，1 回合內，全隊攻擊力 1.5 倍
",
1464,"1 回合內，所有符石兼具 50% 木符石效果。消除最底一橫行內的所有符石時，木屬性攻擊力 2 倍
",
1465,"延長所有敵人行動 1 回合。將技能冷卻中的成員 (不包括自己) 所在隊伍欄直行的符石轉化為心符石
",
1466,"1 回合內，延長移動符石時間至 8 秒，若隊伍中只有人類成員時，全隊攻擊力 1.8 倍。只消除 3 粒光符石時 (只計算首批消除的符石)，移動符石後首批必定掉落 5 粒或以上的光符石
",
1467,"當我方生命力 30% 或以下時，隨機將 20 粒符石轉化為心符石；反之，延遲全體敵人行動 1 回合
",
1468,"2 回合內，人類及龍類攻擊力 1.5 倍；火屬性人類及火屬性龍類攻擊力提升至 2.25 倍
",
1469,"使受影響目標無法行動 5 回合，但效果會因我方發動攻擊而減少 1 回合 (每回合最多減少 1 回合效果持續時間)
",
1470,"1 回合內，自身攻擊力 2.5 倍。若身旁的成員同為光屬性或人類，同得此效果
",
1471,"1 回合內，個人追打水屬性攻擊 3 次
",
1472,"2 回合內，水屬性攻擊力 1.5 倍，若首回合沒有受到攻擊，下回合水屬性攻擊力提升至 2.5 倍
",
1473,"1 回合內，個人追打火屬性攻擊 3 次
",
1474,"1 回合內，全隊攻擊力 1.3 倍；將火符石轉化為火強化符石，並直接引爆場上所有水、木及心符石，以掉落火、光及暗強化符石
",
1475,"1 回合內，個人追打木屬性攻擊 3 次
",
1476,"隨機將 4 至 7 粒符石轉化為木強化符石 (光及暗符石優先轉換)
",
1477,"1 回合內，個人追打光屬性攻擊 3 次
",
1478,"1 回合內，將我方所受傷害直接轉化為我方生命力。若該回合敵人沒有發動攻擊，下回合全隊攻擊力 2 倍
",
1479,"1 回合內，個人追打暗屬性攻擊 3 次
",
1480,"1 回合內，每直行消除一組 4 粒或以上符石時 (只計算首批消除的符石)，該直行將產生 2 粒心符石
",
1481,"1 回合內，個人追打水屬性攻擊 3 次
",
1482,"回復累積戰鬥回合數 (需要消除符石) 倍化 2000 點等值的生命力，10 回合可回復最多 20000 點生命力。發動技能後將累積戰鬥回合數重置
",
1483,"1 回合內，個人追打火屬性攻擊 3 次
",
1484,"水符石及木符石轉化為火符石
",
1485,"1 回合內，個人追打光屬性攻擊 3 次
",
1486,"1 回合內，魔族攻擊力 2.5 倍
",
1487,"水符石轉化為水強化符石；1 回合內，可任意移動符石而不會發動消除
",
1488,"將水符石轉化為木符石；所轉化的符石愈多，1 回合內全隊攻擊力愈高，轉化 4 粒水符石即可達至最大 1.8 倍
",
1489,"將 3 粒符石轉化為暗符石 (光符石優先)；1 回合內，以龍類其中造成的最大傷害轉換為全隊龍類的傷害
",
1490,"1 回合內，全隊攻擊力 1.5 倍；隊伍成員的屬性愈多，延長移動符石時間愈長，最多延長 5 秒；若全隊均為獸類成員，1 回合內，連擊 (Combo) 數目增加 8
",
1491,"隨機將 3 個角落的符石轉化為 3 粒水符石、3 粒光符石及 3 粒心符石
",
1492,"消除所有附加效果。2 回合內，受到攻擊時，隨機將火及心以外的一種符石轉化為火符石 (每回合最多可轉化一次)
",
1493,"龍類攻擊力 1.5 倍，效果持續至沒有消除 5 粒木符石或 5 粒暗符石
",
1494,"回復自身回復力 10 倍的生命力
",
1495,"直接引爆場上所有木符石以掉落火符石。3 回合內，人類攻擊力 1.3 倍
",
1496,"直接引爆場上所有火屬性以外 2 粒或以上相連的符石，以掉落強化符石。2 回合內，火屬性回復力 1.5 倍
",
1497,"直接引爆場上所有符石並掉落強化符石。2 回合內，神族攻擊力 1.5 倍
",
1498,"光符石轉化為水強化符石。2 回合內，減少所受傷害 65%
",
1499,"引爆火屬性以外數量最多的一種屬性符石，以掉落火強化符石，於移動並消除符石後，引爆該屬性符石，直至場上沒有該種符石 (同一回合內只可發動一次)
",
1500,"所有符石隨機轉換
",
1501,"2 回合內，全隊攻擊力 1.5 倍；倍率有 50% 機率提升至 2.25 倍及 25% 機率提升至 3.375 倍
",
1502,"心符石轉化為火符石。1 回合內，將龍類、獸類及魔族的攻擊力加入自身攻擊力
",
1503,"1 回合內，每消除 1 連擊 (Combo)，個人追打無屬性攻擊 1 次，最多 15 次
",
1504,"1 回合內，減少所受傷害 75%，下回合迴避所有敵人的攻擊
",
1505,"12 秒內，可任意移動符石而不會發動消除；首批消除水、火、木、光及暗符石時，全隊攻擊力 1.5 倍
",
1506,"將所有符石轉化為固定數量的水強化、光強化及心強化符石，並延長移動符石時間至 8 秒
",
1507,"心符石轉化為火符石。1 回合內，將龍類、獸類及魔族的攻擊力加入自身攻擊力
",
1508,"1 回合內，每消除 1 連擊 (Combo)，個人追打無屬性攻擊 1 次，最多 15 次
",
1509,"2 回合內，以人類其中造成最大傷害轉換為全隊人類的傷害。首批消除場上所有光符石時，下回合開始時將心符石轉化為光強化符石
",
1510,"光屬性人類及暗屬性人類成員的攻擊力減至 50%，並將被減去的攻擊力加入自身攻擊力 (效果會在再次發動此技能或死亡後消失)。發動技能首回合，將 3 粒符石轉化為暗強化符石 (水、火及木符石優先轉換)
",
1511,"2 回合內，全隊攻擊力 1.5 倍；倍率有 50% 機率提升至 2.25 倍及 25% 機率提升至 3.375 倍
",
1512,"1 回合內，減少所受傷害 75%，下回合迴避所有敵人的攻擊
",
1513,"12 秒內，可任意移動符石而不會發動消除；首批消除水、火、木、光及暗符石時，全隊攻擊力 1.5 倍
",
1514,"隨機將 9 粒符石分別轉化為 3 粒水強化符石、3 粒火符石及 3 粒木符石。同時發動水、火及木屬性攻擊時，當前技能 CD 減少 2
",
1515,"隨機將 9 粒符石分別轉化為 3 粒火強化符石、3 粒水符石及 3 粒木符石。同時發動水、火及木屬性攻擊時，當前技能 CD 減少 2
",
1516,"隨機將 9 粒符石分別轉化為 3 粒木強化符石、3 粒水符石及 3 粒火符石。同時發動水、火及木屬性攻擊時，當前技能 CD 減少 2
",
1517,"1 回合內，每消除一組光符石、暗符石或心符石時，個人追打自身屬性攻擊 1 次及回復 1500 點生命力，最多追打 15 次及回復 22500 點生命力
",
1518,"點選元素法陣上的 1 粒符石，並將該種符石引爆，以掉落暗強化符石。1 回合內，自身攻擊力 5 倍
",
1519,"引爆心以外的符石並對敵方全體造成 20000 點暗屬性傷害，此傷害無視防禦力；並提升妖精類攻擊力：引爆的符石愈多，妖精類攻擊力愈高，引爆 25 粒可達至最高 2 倍
",
1520,"光屬性攻擊力 1.5 倍及光屬性人類攻擊力 2 倍；效果持續至沒有首批消除所有光符石
",
1521,"火符石兼具 50% 心符石效果，效果持續至沒有消除火符石 (效果持續期間技能不會冷卻)
",
1522,,
1523,"3 回合內，所有成員不能發動攻擊及所受傷害減少 95%。期間每回合回復 50% 總生命力 (需消除符石)
",
1524,"沒有技能
",
1525,"所有符石轉化為強化符石。1 回合內，所有符石兼具暗符石效果
",
1526,"心符石轉化為水符石，並將其中 1 粒水符石轉化為水強化符石
",
1527,"心符石轉化為火符石，並將其中 1 粒火符石轉化為火強化符石
",
1528,"心符石轉化為木符石，並將其中 1 粒木符石轉化為木強化符石
",
1529,"心符石轉化為光符石，並將其中 1 粒光符石轉化為光強化符石
",
1530,"心符石轉化為暗符石，並將其中 1 粒暗符石轉化為暗強化符石
",
1531,"將 3 粒水符石轉化為水強化符石，並進行 10 次水屬性攻擊
",
1532,"將 3 粒火符石轉化為火強化符石，並進行 10 次火屬性攻擊
",
1533,"將 3 粒木符石轉化為木強化符石，並進行 10 次木屬性攻擊
",
1534,"將 3 粒光符石轉化為光強化符石，並進行 10 次光屬性攻擊
",
1535,"將 3 粒暗符石轉化為暗強化符石，並進行 10 次暗屬性攻擊
",
1536,"對單一敵人造成 500 點無屬性傷害，此傷害無視防禦力
",
1537,"消除屬性符石時，個人追打與消除符石屬性相同的攻擊各 1 次。效果持續至沒有消除 3 種或以上的屬性符石
",
1538,"對單一敵人造成 500 點無屬性傷害，此傷害無視防禦力
",
1539,"光及暗符石轉化為火神族符石，並將水及木符石轉化為心符石
",
1540,"對單一敵人造成 500 點無屬性傷害，此傷害無視防禦力
",
1541,"15 秒內，可任意移動符石而不會發動消除。若隊伍中只有神族及妖精類成員時，1 回合內全隊攻擊力 2 倍
",
1542,"對單一敵人造成 500 點無屬性傷害，此傷害無視防禦力
",
1543,"光及暗符石轉化為強化符石。若隊伍中有 3 個或以上的獸類成員時，將強化符石轉化為獸族符石
",
1544,"對單一敵人造成 500 點無屬性傷害，此傷害無視防禦力
",
1545,"1 回合內，移動符石後首批掉落的符石必定為暗符石
",
1546,"對單一敵人造成 500 點無屬性傷害，此傷害無視防禦力
",
1547,"1 回合內，根據累積戰鬥回合數多寡減少所受傷害，每 1 回戰鬥回合數可減少 12.5% 所受傷害，累積 8 回戰鬥回合數最多可減少 100% 傷害。發動技能後會將累積戰鬥回合數重置
",
1548,"對單一敵人造成 500 點無屬性傷害，此傷害無視防禦力
",
1549,"隊伍中攻擊力最高 (最左方) 的 1 個龍類成員追打暗屬性攻擊 2 次，效果持續至該龍類成員沒有發動攻擊
",
1550,"對單一敵人造成 500 點無屬性傷害，此傷害無視防禦力
",
1551,"隨機將 4 至 7 粒符石轉化為心強化符石
",
1552,"1 回合內，所有符石兼具水符石效果；同時消除水、光及心符石時，自身以外所有水屬性成員的主動技能 CD 減少 2
",
1553,"1 回合內，火屬性攻擊力 1.5 倍及延長移動符石時間至 8 秒。首批消除全部火符石時，下回合隨機將符石轉化為火符石，直至場上有 12 粒火符石為止
",
1554,"1 回合內，全隊攻擊力 1.5 倍；每首批消除 1 組暗以外的符石，必定掉落 2 粒暗符石
",
1555,"自身攻擊力 3 倍，每回合扣除 20% 總生命力，並在每回合發動攻擊後提升自身攻擊力 1 倍 (需要消除符石)，最大可提升至 8 倍。效果會在再次發動此技能或死亡後消失
",
1556,"每回合移動符石前，出現隨機 4 至 6 的連擊 (Combo) 數，當達成指定連擊 (Combo) 時(只計算首批消除的符石)，水屬性攻擊力 2 倍及回復 5000 點生命力，效果持續至沒有達成指定連擊 (Combo) 數目
",
1557,"自身直行的符石轉化為強化符石，所轉化的種類符石兼具自身屬性符石效果；1 回合內，延長移動符石時間 2 秒
",
1558,"水、火及木符石轉化為強化符石。1 回合內，水符石及木符石兼具火符石效果
",
1559,"1 回合內，水屬性攻擊力及回復力 1.5 倍；場上有其他附加效果時，則提升至 2.25 倍
",
1560,"3 回合內，暗符石的掉落機率降至 0，並將原有機率增加至光符石的掉落機率；此外，有一定機會掉落光人族符石
",
1561,"1 回合內，延長移動符石時間至 10 秒，同時暗符石兼具心符石效果；若隊伍中有 5 種屬性成員時，則暗符石兼具所有符石效果
",
1562,"沒有技能
",
1563,"自身不能發動攻擊；暗符石兼具 50% 心符石效果，並將移動符石時觸碰的暗符石轉化為神族符石；隊伍中的「不赦惡神 ‧ 洛基」及「亡靈蝕骨 ‧ 洛基」追打暗屬性攻擊 1 次 (效果會在關閉此技能或死亡後消失)。此技能可隨時關閉
",
1564,"對敵方全體施放印記，並將所有符石轉化為五屬符石。印記生效期間，將黑白符石變回原來色調，並必然延長移動符石時間 3 秒
",
1565,"消除所有附加效果；並直接引爆場上所有心符石，以掉落強化符石
",
1566,"解除所有水屬性成員被鎖的技能 (此技能無視封鎖技能)，並有 75% 機率完全回復生命力
",
1567,"光符石及自身所在隊伍欄直行的符石轉化為光強化符石；1 回合內，自身攻擊力 5 倍
",
1568,"1 回合內，移動符石所觸碰的符石轉化為人類符石；並以 30% 自身攻擊力追打 20 次木屬性傷害
",
1569,"1 回合內，水、暗及心符石兼具光符石效果；個人追打光屬性攻擊 3 次
",
1570,"人類攻擊力 1.3 倍及減少 30% 所受傷害，持續 4 回合；期間若首批同時消除 5 種屬性符石時，人類攻擊力提升至 2 倍及中止持續效果
",
1571,"解除所有水屬性成員被鎖的技能 (此技能無視封鎖技能)，並有 75% 機率完全回復生命力
",
1572,"每次只能選取 1 個效果。效果1：最終決戰奧義 ‧ 無式：引爆隊伍成員屬性以外的符石，以掉落強化符石。1 回合內，自身攻擊力 1.5 倍，個人追打火屬性攻擊 4 次效果2：MAX 版 裏百八式 ‧ 大蛇薙：自身進入儲力狀態，每回合提升自身攻擊力 3 倍，最大可提升至 9 倍，效果持續至沒有消除一組 6 粒或以上的火符石。發動此技能時需要儲滿龍脈儀及該回合不能發動龍刻脈動
",
1573,"1 回合內，移動符石所觸碰的符石轉化為人類符石；並以 30% 自身攻擊力追打 20 次木屬性傷害
",
1574,"光符石及自身所在隊伍欄直行的符石轉化為光強化符石；1 回合內，自身攻擊力 5 倍
",
1575,"每次只能選取 1 個效果。效果1：裏百八式 ‧ 八酒杯：敵方全體點燃，使受影響目標無法行動並轉為暗屬性，持續 2 回合，但效果會因受到攻擊而消失。2 回合內，人類攻擊力提升 2.5 倍效果2：MAX 版 禁千貳百拾壹式 ‧ 八稚女：1 回合內，將全體敵人的攻擊力及防禦力減至 0；自身攻擊力提升 1.5 倍，並以 30% 自身攻擊力追打 8 次暗屬性攻擊。所有成員攻擊後，再對全體敵人追打 1 次自身攻擊力 30 倍的暗屬性傷害。發動此技能時需要儲滿龍脈儀及該回合不能發動龍刻脈動
",
1576,"每次只能選取 1 個效果。效果1：超必殺忍蜂：將所有符石轉化為固定數量的火強化、木強化、暗強化及心強化符石效果2：MAX 版 超必殺忍蜂：將所有符石轉化為固定數量及位置的火強化、木強化、暗強化及心強化符石。發動此技能時需要儲滿龍脈儀及該回合不能發動龍刻脈動
",
1577,"1 回合內，水、暗及心符石兼具光符石效果；個人追打光屬性攻擊 3 次
",
1578,"人類攻擊力 1.3 倍及減少 30% 所受傷害，持續 4 回合；期間若首批同時消除 5 種屬性符石時，人類攻擊力提升至 2 倍及中止持續效果
",
1579,"1 回合內，每消除一種屬性符石，必定掉落 6 粒水符石，消除 5 種可掉落最多 30 粒水符石
",
1580,"隨機將 2 直行的符石轉化為暗符石；1 回合內，該 2 直行所在隊伍欄成員的攻擊力提升：人類成員攻擊力 5 倍及非人類成員攻擊力 2.5 倍
",
1581,"水、光及心符石轉化為心強化符石。1 回合內，心符石兼具所有屬性符石效果
",
1582,"1 回合內，每消除 1 粒水符石，自身追打 1 次火屬性攻擊，消除 10 粒可追打最多 10 次。若消除 10 粒或以上的水強化符石，效果持續 2 回合
",
1583,"於移動符石並消除符石後，根據首批消除的連擊 (Combo) 數目增加相同的連擊 (Combo) 數目，效果持續至達成 15 連擊 (Combo) 或以上
",
1584,"對敵方全體施放印記，印記生效期間，全隊攻擊力 1.3 倍，敵人所受攻擊次數愈多，全隊攻擊力提升愈多，敵人受攻擊 15 次可達至最高 2.8 倍
",
1585,"1 回合內，敵方全體轉為火屬性，並「V 型」 轉化 10 個固定位置的符石為水符石
",
1586,"3 回合內，水屬性及妖精類攻擊力 1.5 倍；水屬性妖精攻擊力提升至 2.25 倍。發動技能時若生命力未滿，效果持續期間每回合回復 8000 點生命力
",
1587,"1 回合內，自身追打木屬性攻擊 9 次，此回合每擊斃 1 個敵人，當前技能 CD 減少 1，最多可減少 5 CD
",
1588,"小幅提升暗符石掉落率；若隊伍中只有暗屬性獸類時，全隊攻擊力提升 1.5 倍，心符石的掉落機率降至 0，並將原有機率增加至暗符石的掉落機率 。效果持續至沒有消除暗符石
",
1589,"對敵方全體造成 5 倍的光屬性傷害，此傷害無視防禦力
",
1590,"1 回合內，自身攻擊力 8 倍。回合結束時，自身及身旁的火屬性成員所在隊伍欄直行的符石轉化為火符石
",
1591,"將自身所在隊伍欄直行的符石轉化為水強化符石並儲滿龍脈儀。若龍脈儀已儲滿，更會凍結敵方全體，使受影響目標無法行動並轉為水屬性，持續 1 回合 (同一回合只能發動一次)
",
1592,"對敵方全體造成 3 倍水屬性傷害，若以此技能擊斃敵人，可即時再次發動此技能
",
1593,"對敵方全體造成 3 倍火屬性傷害，若以此技能擊斃敵人，可即時再次發動此技能
",
1594,"對敵方全體造成 3 倍木屬性傷害，若以此技能擊斃敵人，可即時再次發動此技能
",
1595,"對敵方全體造成 3 倍光屬性傷害，若以此技能擊斃敵人，可即時再次發動此技能
",
1596,"對敵方全體造成 3 倍暗屬性傷害，若以此技能擊斃敵人，可即時再次發動此技能
",
1597,"1 回合內，暗符石兼具火符石效果；每消除 1 組屬性符石 (只計算首批消除的符石)，自身追打火屬性攻擊 1 次。發動技能時，隊伍中撲克女皇 ‧ 茱迪思的主動技能 CD 減少 5
",
1598,"1 回合內，火符石兼具木符石效果；自身攻擊力 4 倍。發動技能時，隊伍中撲克國王 ‧ 派斯頓的主動技能 CD 減少 5
",
1599,"1 回合內，木符石兼具暗符石效果；心符石轉化為暗符石。發動技能時，隊伍中撲克騎士 ‧ 奧吉爾的主動技能 CD 減少 5
",
1600,"凍結敵方全體，使受影響目標無法行動並轉為水屬性，持續 3 回合
",
1601,"回復自身回復力 10 倍的生命力
",
1602,"1 回合內，全隊攻擊力 1.3 倍，並直接引爆場上所有非克制敵人屬性的屬性符石，以掉落敵人屬性以外的符石；若隊伍中只有妖精類成員時，1 回合內，連擊 (Combo) 數目增加 8
",
1603,"回復自身回復力 10 倍的生命力
",
1604,"將火及心符石轉化為妖族符石。根據本回合的連擊 (Combo) 數目，下回合開始時將火及心以外的符石，轉化為該數目等值的火強化符石
",
1605,"回復自身回復力 10 倍的生命力
",
1606,"隊伍中有 3 個或以上的屬性成員時，連擊 (Combo) 時攻擊力提升 30%，效果持續至自身沒有發動攻擊為止
",
1607,"回復自身回復力 10 倍的生命力
",
1608,"1 回合內，每消除 3 粒心符石，以 3 倍自身攻擊力追打無屬性攻擊 1 次，消除 30 粒可追打最多 10 次
",
1609,"回復自身回復力 10 倍的生命力
",
1610,"點選一橫行的符石，並將該橫行的符石轉化為心強化符石；1 回合內，妖精類攻擊力 2 倍
",
1611,"回復自身回復力 10 倍的生命力
",
1612,"將自身及身旁的水屬性或妖精類成員，其所在隊伍欄直行的符石轉化為 3 粒水符石及 2 粒心符石
",
1613,"回復自身回復力 10 倍的生命力
",
1614,"將場上的心符石轉化為所屬隊伍欄直行成員屬性的強化符石。發動技能時，若我方生命力為 1 或全滿，當前技能 CD 減少 3
",
1615,"回復自身回復力 10 倍的生命力
",
1616,"「殘次孤獨 ‧ 風信子」以外所有妖精類成員的主動技能 CD 減少 1。生命力全滿時，將自身所在隊伍欄直行的符石轉化為暗符石，反之，則將自身所在隊伍欄的符石轉化為心符石
",
1617,"火符石轉化為火強化符石。1 回合內，消除 2 組或以上的火符石時，火屬性攻擊力 2.5 倍，消除火符石的組數愈多，火屬性攻擊力提升愈多，消除 4 組可達至最大 3.5 倍
",
1618,"1 回合內，所受傷害減少 50%；全隊攻擊力 1.5 倍，妖精攻擊力則提升至 2 倍。回合結束時，若我方生命力為 50% 或以上，當前技能 CD 減少 5
",
1619,"全隊攻擊力 2 倍，每移動 1 步，扣除 1% 總生命力 (最多扣至 1 血)。效果會在關閉此技能或死亡後消失
",
1620,"1 回合內，發動技能時攻擊力基值為 1500 以下的成員，自身攻擊力 4 倍；攻擊力基值為 1500 或以上的成員則追打暗屬性攻擊 1 次
",
1621,"1 回合內，隊伍成員的種族愈少，全隊攻擊力及回復力愈高，只有 1 個種族成員可達至最大 2.2 倍。使用後有一定機會使當前技能 CD 變為 0
",
1622,"消除的心符石愈多，全隊攻擊力及回復力提升愈多，消除 8 粒心符石可提升至最大 2 倍；但受到的傷害提升 1.5 倍，效果持續至沒有消除心符石
",
1623,"1 回合內，隊伍中攻擊力最高 (最左方) 的光屬性成員攻擊力 10 倍
",
1624,"神族及妖精類成員所在隊伍欄直行的符石轉化為該直行成員的種族符石；1 回合內，消除神族符石時，全隊攻擊力 2 倍，消除妖族符石時，妖精類成員追打自身屬性攻擊 1 次
",
1625,"直接引爆木符石造成敵全體水屬性傷害
",
1626,"15 秒內，可任意移動符石而不會發動消除；首批消除所有水符石時，水屬性攻擊力 1.8 倍
",
1627,"12 秒內，可任意移動符石而不會發動消除；1 回合內，所有掉落的心符石必定相連
",
1628,"1 回合內，水屬性攻擊力 1.6 倍；隨機引爆場上 4 粒凍結符石，以掉落水強化符石
",
1629,"1 回合內，木屬性攻擊力 1.6 倍；隨機引爆場上 2 個種類的弱化符石，以掉落木強化符石
",
1630,"1 回合內，光屬性攻擊力 1.6 倍；隨機引爆場上 3 粒被電擊的符石，以掉落光強化符石
",
1631,"對敵方全體造成 15 倍水屬性傷害
",
1632,"對敵方全體造成 15 倍火屬性傷害
",
1633,"對敵方全體造成 15 倍木屬性傷害
",
1634,"對敵方全體造成 15 倍光屬性傷害
",
1635,"對敵方全體造成 15 倍暗屬性傷害
",
1636,"對敵方全體進行 3 次水屬性攻擊
",
1637,"1 回合內，水屬性及龍類攻擊力 1.6 倍，首批消除所有水符石時，則提升至 2 倍。技能發動回合若有擊斃敵人，回合結束時完全回復生命力
",
1638,"對敵方全體進行 3 次火屬性攻擊
",
1639,"1 回合內，2 粒符石相連，即可發動消除，效果持續至消除一種符石達 30 粒
",
1640,"對敵方全體進行 3 次木屬性攻擊
",
1641,"1 回合內，隊長及戰友攻擊力 2.5 倍。若隊長及戰友都是魔族時，將兩者所在隊伍欄直行的符石分別轉化為兩者屬性的符石
",
1642,"對敵方全體進行 3 次光屬性攻擊
",
1643,"1 回合內，自身攻擊力 4 倍；連擊 (Combo) 數目增加 6；隊伍中每個龍類、獸類或妖精類成員將額外增加 1 連擊 (Combo)，最多可額外增加 6 連擊 (Combo)
",
1644,"對敵方全體進行 3 次暗屬性攻擊
",
1645,"直接引爆場上所有符石，以掉落所屬隊伍欄直行龍類成員屬性的符石，龍類以外成員隊伍欄直行的符石則隨機掉落
",
1646,"對敵方全體進行 3 次水屬性攻擊
",
1647,"1 回合內，全隊攻擊力 2 倍；若首批消除相同連擊 (Combo) 數目的水符石及心符石，當前技能 CD 減少 5
",
1648,"對敵方全體進行 3 次光屬性攻擊
",
1649,"隊伍中每個光屬性成員扣除 15% 當前生命力，並將光屬性成員所在隊伍欄直行的屬性符石轉化為光強化符石
",
1650,"對敵方全體進行 3 次暗屬性攻擊
",
1651,"將 3 粒符石轉化為暗獸族強化符石 (心符石優先轉換)；若隊伍中只有暗獸類成員時，1 回合內強化符石效果提升 15%
",
1652,"1 回合內，個人追打自身攻擊力 3 倍的攻擊 1 次。若身旁的成員同為火屬性或龍類，同得此效果
",
1653,"龍類成員對敵方所造成傷害的 2.5% 轉化為我方生命力，效果持續至回合結束時我方生命力全滿 (效果持續期間技能不會冷卻)。發動技能首回合，龍類攻擊力 1.5 倍
",
1654,"直接引爆場上所有符石並對敵方全體造成光屬性傷害；每直行首粒掉落的必定為光符石
",
1655,"隨機將 2 個魔族成員所在隊伍欄直行的符石轉化為水符石；2 回合內，全隊攻擊力 1.5 倍，且水屬性傷害可剋制木屬性目標
",
1656,"自身攻擊力 2 倍及個人追打光屬性攻擊 1 次，效果持續至自身沒有發動攻擊
",
1657,"3 回合內，發動技能及回合開始時將木符石轉化為神族符石；並將所有掉落的符石轉化為強化符石
",
1658,"1 回合內，發動技能時若有 3 個或以上的人類或妖精類成員攻擊力基值為 1500 或以下，全隊攻擊力 2.6 倍；反之，引爆場上光及暗符石，以掉落火及心符石。若隊伍中有「沉思的賢者．山特古羅斯」或「參透的賢者 ‧ 山特古羅斯」，可以同時獲得以上兩個效果
",
1659,"隨機將 4 粒相連的符石轉化為火符石
",
1660,"回復自身回復力 10 倍的生命力
",
1661,"水符石轉化為自身種族符石，心符石轉化為水強化符石
",
1662,"火符石轉化為自身種族符石，心符石轉化為火強化符石
",
1663,"木符石轉化為自身種族符石，心符石轉化為木強化符石
",
1664,"光符石轉化為自身種族符石，心符石轉化為光強化符石
",
1665,"暗符石轉化為自身種族符石，心符石轉化為暗強化符石
",
1666,"將所有符石轉化為固定數量及位置的心符石及自身屬性強化符石
",
1667,"每次只能選取 1 個效果。效果1：光及暗符石轉化為火強化符石效果2：1 回合內，隊伍成員的屬性愈多，全隊攻擊力愈高，4 種屬性可達至最大 3 倍
",
1668,"2 回合內，隨機 2 個成員的攻擊力提升：獸類成員攻擊力 5 倍及非獸類成員攻擊力 3 倍
",
1669,"龍類、獸類及妖精類成員所在隊伍欄直行的符石轉化為強化符石。1 回合內，每首批消除 5 粒強化符石，當前技能 CD 減少 1，首批消除 20 粒可減少最多 4 CD
",
1670,"2 回合內，敵方全體轉為光屬性，並提升暗屬性對光屬性目標的攻擊力。若敵人為人類、獸類或神族，自身攻擊力額外提升 3 倍
",
1671,"1 回合內，個人追打水屬性攻擊 3 次
",
1672,"1 回合內，連擊 (Combo) 數目愈高，自身攻擊力愈高，消除 10 連擊 (Combo) 可達至最大 15 倍
",
1673,"1 回合內，個人追打火屬性攻擊 3 次
",
1674,"每首批消除 3 種或以上的屬性符石可以累積 1 點蠻力，最多可累積 5 點。1 回合內，自身攻擊力 2.5 倍，發動此技能時的蠻力愈多，自身攻擊力提升愈多，最大 10 倍。發動技能後蠻力將重新累積
",
1675,"1 回合內，個人追打木屬性攻擊 3 次
",
1676,"每首批消除 1 粒木符石可減少 6.25% 所受傷害，消除 12 粒可減少最多 75% 所受傷害，效果持續至沒有首批消除木符石。效果持續期間技能不會冷卻
",
1677,"1 回合內，個人追打光屬性攻擊 3 次
",
1678,"光屬性人類成員攻擊力減至 0，並將被減去攻擊力的 1.5 倍加入自身攻擊力 (效果會在再次發動此技能或死亡後消失)。此技能可隨時關閉，關閉時，當前技能 CD 減少 2
",
1679,"1 回合內，個人追打暗屬性攻擊 3 次
",
1680,"自身攻擊力 2.5 倍；每當敵人發動攻擊，下回合人類及魔族成員以 50% 自身攻擊力追打 1 次自身屬性攻擊。效果持續至首批消除 5 種屬性符石
",
1681,"1 回合內，個人追打水屬性攻擊 3 次
",
1682,"將水、火及木符石轉化為人族符石，並引爆所有光、暗及心符石，以掉落水、火及木符石
",
1683,"1 回合內，個人追打火屬性攻擊 3 次
",
1684,"所有符石隨機轉化為火符石及 2 種屬性符石 (優先轉換隊伍成員屬性符石)；1 回合內，其他屬性符石兼具 50% 火符石效果
",
1685,"1 回合內，個人追打光屬性攻擊 3 次
",
1686,"全隊回復力減少 50%；光屬性攻擊力 1.5 倍，當隊伍中只有人類成員時，光屬性攻擊力額外提升 1.3 倍 (效果會在關閉此技能或死亡後消失)
",
1687,"隨機將 1 種屬性符石轉化為水符石；若轉化的符石數量比原有的水符石數量少， 1 回合內自身攻擊力 4 倍
",
1688,"1 回合內，人類攻擊力 1.6 倍；隊伍中每多 1 個木屬性成員，額外增加效果持續 1 回合，最多可持續 6 回合
",
1689,"敵方全體中毒，每回合將受到施技者攻擊力的傷害，此傷害無視防禦力及屬性並持續到死亡。效果期間全隊攻擊力 1.6 倍，並延長移動符石時間至 15 秒
",
1690,"隨機將 6 粒符石轉化為水人族符石；1 回合內，達成 6 連擊 (Combo) 或以上時，自身攻擊力 6 倍
",
1691,"1 回合內，本回合發動過技能的成員追打自身攻擊力 4 倍的暗屬性攻擊 1 次
",
1692,"心符石轉化為木強化符石；1 回合內，消除 1 組 4 粒或以上的木符石，全隊攻擊力提升，消除 4 粒提升 1.16 倍，消除 8 粒可提升至最大 1.8 倍
",
1693,"1 回合內，消除符石後首 30 粒掉落的符石必定為水人族、火人族及木人族符石
",
1694,"達成 4 連擊 (Combo) 或以上時，自身及左旁的火屬性成員攻擊力 2.5 倍 (效果會在關閉此技能或死亡後消失)。此技能可隨時關閉，關閉時，所有符石轉化為強化符石
",
1695,"1 回合內，人類及神族攻擊力 1.5 倍，當前獲得的金幣數量愈多，攻擊力提升愈多，當前獲得 40000 金幣可提升至最大 2.5 倍
",
1696,"1 回合內，自身攻擊變為 160 萬水屬性傷害 (自身需發動攻擊)；自身行動值提升 20%
",
1697,"1 回合內，自身攻擊變為 160 萬火屬性傷害 (自身需發動攻擊)；自身行動值提升 20%
",
1698,"1 回合內，自身攻擊變為 160 萬木屬性傷害 (自身需發動攻擊)；自身行動值提升 20%
",
1699,"每次只能選取 1 個效果。效果1：1 回合內，消除 15 粒或以上自身屬性符石，全隊攻擊力 2 倍效果2：心符石轉化為自身屬性神族符石
",
1700,"凍結敵方全體，使受影響目標無法行動並轉為水屬性，持續 3 回合
",
1701,"2 回合內，移動符石時觸碰的火符石轉化為水強化符石，觸碰的暗符石轉化為光強化符石
",
1702,"1 回合內，敵方全體點燃，使受影響目標無法行動並轉為火屬性；效果期間，無視全體敵人 80% 的防禦力
",
1703,"木屬性及機械族攻擊力 1.8 倍，若發動技能時自身行動值達至 100%，攻擊力提升至 2.2 倍；隊伍中若有 3 個或以上機械族成員，必然延長移動符石時間 3 秒。效果會在進入下一層數 (Wave) 時消失
",
1704,"神族攻擊力 2 倍；每首批消除 1 組隊伍成員屬性符石或心符石時，將產生 1 粒神族強化符石，最多可產生 6 粒，效果持續至受到敵人攻擊
",
1705,"點選元素法陣上的 1 粒符石，並將該種符石引爆，以掉落暗神族強化符石。1 回合內，暗符石兼具 50% 其他屬性符石效果
",
1706,"水符石轉化為火強化符石。1 回合內，所有成員對火屬性目標攻擊力提升 2 倍
",
1707,"將 5 粒符石轉化為木神族強化符石 (心符石優先轉換)。1 回合內，每首批消除 1 粒神族符石，回復 3000 點生命力，首批消除 30 粒可回復最多 90000 點生命力
",
1708,"1 回合內，自身攻擊力 9 倍 (攻擊力不可與其他成員共享)；技能發動回合若有擊斃敵人，「滄心童顏 ‧ 張果老」以外所有八仙系列成員的主動技能 CD 減少 2
",
1709,"沒有技能
",
1710,"2 回合內，可任意移動符石而不會發動消除；並將移動符石所觸碰的心符石轉化為妖族符石
",
1711,"自身攻擊力減至 0 及人類及魔族攻擊力 2.2 倍，效果持續至全隊沒有發動攻擊
",
1712,"自身攻擊力 3 倍，場上有凍結符石時，攻擊力提升至 6 倍，效果持續至沒有消除水符石
",
1713,"1 回合內，凍結符石轉化為可消除的狀態，每消除 1 粒凍結符石，全隊攻擊力提升 0.2 倍及回復 3000 點生命力，消除 10 粒可提升至最大 3 倍攻擊力及回復 30000 點生命力
",
1714,"光符石轉化為暗符石；1 回合內，每首批消除 1 組暗符石，當前技能 CD 減少 1，首批消除 3 組可減少最多 3 CD
",
1715,"回復自身回復力 10 倍的生命力
",
1716,"隨機將 24 粒符石轉化為固定數量的水、火、木、光、暗及心符石；1 回合內，所有屬性符石兼具其他屬性符石效果
","發動技能時生命力需為 50% 或以上，自身攻擊力 2.5 倍，場上有其他附加效果時，攻擊力提升至 5 倍，效果持續至我方生命力為 50% 以下
"
1717,"完全回復生命力；當隊伍中只有獸類成員時，1 回合內，所受傷害不會使你死亡
",
1718,"對敵方全體進行 3 次光屬性攻擊
",
1719,"所有符石轉化為固定數量及位置的水強化、火強化及木強化符石。1 回合內，無視指定形狀盾
",
1720,"隨機 2 個機械族成員所在隊伍欄直行的符石轉化為強化符石。1 回合內，機械族成員的攻擊力及回復力 1.3 倍
","水屬性攻擊力 3.5 倍，水屬性機械族攻擊力 4 倍
"
1721,"發動技能時，若我方生命力為 1 ，將場上的符石轉化為固定數量及位置的火強化及心強化符石；反之，最左方直行的符石轉化為火強化符石，最右方直行的符石轉化為心強化符石
",
1722,"每消除 1 種屬性符石，回復機械族成員 10% 總生命力，消除 5 種可回復最多機械族成員 50% 總生命力 (效果會在再次發動此技能或死亡後消失)
",
1723,"1 回合內，自身攻擊力 3 倍，隊伍中機械族成員愈多，自身攻擊力提升愈多，5 個機械族成員可提升至最大 5 倍
","光屬性攻擊力 3.5 倍，光屬性機械族攻擊力 4 倍
"
1724,"自身生命力扣至 1 (生命力為 1 時無法發動技能)。1 回合內，隊伍中攻擊力基值最高的 3 個機械族成員攻擊力 2.5 倍
",
1725,,
1726,"隨機將符石轉化為水強化符石，直至場上有 20 粒水強化符石為止。3 回合內，機械族、獸類及魔族攻擊力及回復力 2 倍
",
1727,"心符石轉化為火人族強化符石，並引爆場上所有水及光符石以提升火屬性攻擊力，引爆 8 粒可達至最大 1.8 倍 (倍攻效果持續 2 回合)；2 回合內，心符石的掉落機率降至 0，並將原有機率增加至火符石的掉落機率，掉落的火符石以火強化符石代替
",
1728,"水及火符石轉化為心強化符石。引爆場上所有光及暗符石以掉落水強化、火強化及木強化符石；引爆 1 粒符石可減少 4% 所受傷害，引爆 10 粒可減少最多 40% 所受傷害 (減傷效果持續 2 回合)。2 回合內，延長移動符石時間至 8 秒
",
1729,"木符石轉化為光強化符石；1 回合內，首批掉落的 15 粒符石必定為光人族符石
",
1730,"引爆場上所有非強化符石以掉落屬性強化符石。2 回合內，減少 40% 所受傷害，自身對神族目標攻擊力提升 3 倍
",
1731,"引爆場上所有符石以掉落火以外的符石；1 回合內，掉落的水及心符石分別以水強化及心強化符石代替
",
1732,"將 8 粒心以外的符石轉化為心強化符石。1 回合內，首批掉落的符石必定為水、光及暗符石，當中掉落的水符石以水強化符石代替。右旁成員的主動技能 CD 減少 1
",
1733,"「X 型」引爆 10 個固定位置的符石以掉落火強化符石。2 回合內，減少 30% 所受傷害，心符石的掉落機率降至 0，並將原有機率增加至火符石的掉落機率
",
1734,"水、火及木符石轉化為心強化符石，暗符石轉化為光符石。1 回合內，以回復的生命力等值對全體敵人造成無屬性傷害，此傷害無視防禦力
",
1735,"沒有技能
",
1736,"引爆火、木及光符石，並將最底 3 橫行的符石轉化為強化符石。2 回合內，水屬性攻擊力 1.6 倍
",
1737,"1 回合內，延長移動符石時間至 10 秒，火屬性攻擊力 1.6 倍；所有火屬性成員的攻擊力跟隨攻擊力基值最高的火屬性成員
",
1738,"木符石轉化為光強化符石。引爆心符石以掉落木以外的符石及提升自身攻擊力，引爆 5 粒可達至最大 6 倍 (倍攻效果持續 2 回合)
",
1739,"光及木符石轉化為水強化符石，暗及心符石轉化為火強化符石。1 回合內，水符石掉落率減少及延長移動符石時間 3 秒
",
1740,"火符石轉化為光人族符石，風化符石轉化為光符石。2 回合內，木符石的掉落機率降至 0，並將原有機率增加至光符石的掉落機率
",
1741,"火及木符石轉化為水符石；1 回合內，首批掉落的 15 粒符石必定為水人族符石
",
1742,"火符石轉化為木符石，水符石轉化為光符石；3 回合內，火符石掉落率減少，自身對神族目標攻擊力提升 2.5 倍
",
1743,"1 回合內，自身攻擊變為 160 萬光屬性攻擊 (自身需發動攻擊)；機械族成員的行動值提升 5%
",
1744,"1 回合內，自身攻擊變為 160 萬暗屬性攻擊 (自身需發動攻擊)；機械族成員的行動值提升 5%
",
1745,"心符石兼具 50% 自身屬性符石效果；發動技能時，場上每 1 粒心符石，額外增加 1 回合效果，3 粒心符石可持續最多 4 回合
",
1746,"對全體敵人造成累積戰鬥回合 (需要消除符石) 倍化 10,000 點的水屬性傷害，最大 100,000 點。當累積至最多 100,000 點時，發動技能時自身攻擊力 2 倍。發動技能後戰鬥回合將重新累積
",
1747,"對全體敵人造成累積戰鬥回合 (需要消除符石) 倍化 10,000 點的火屬性傷害，最大 100,000 點。當累積至最多 100,000 點時，發動技能時自身攻擊力 2 倍。發動技能後戰鬥回合將重新累積
",
1748,"對全體敵人造成累積戰鬥回合 (需要消除符石) 倍化 10,000 點的木屬性傷害，最大 100,000 點。當累積至最多 100,000 點時，發動技能時自身攻擊力 2 倍。發動技能後戰鬥回合將重新累積
",
1749,"對全體敵人造成累積戰鬥回合 (需要消除符石) 倍化 10,000 點的光屬性傷害，最大 100,000 點。當累積至最多 100,000 點時，發動技能時自身攻擊力 2 倍。發動技能後戰鬥回合將重新累積
",
1750,"對全體敵人造成累積戰鬥回合 (需要消除符石) 倍化 10,000 點的暗屬性傷害，最大 100,000 點。當累積至最多 100,000 點時，發動技能時自身攻擊力 2 倍。發動技能後戰鬥回合將重新累積
",
1751,"暗符石轉化為光符石
",
1752,"沒有技能
",
1753,"水符石轉化為水神族強化符石，其他符石轉化為水符石。若全隊均為水屬性神族成員，1 回合內，連擊 (Combo) 數目增加 5
",
1754,"火符石轉化為魔族強化符石；1 回合內，其他屬性符石兼具火符石效果
",
1755,"木符石轉化為木神族強化符石，其他符石轉化為木符石。若全隊均為木屬性神族成員，1 回合內，連擊 (Combo) 數目增加 5
",
1756,"沒有技能
",
1757,"沒有技能
",
1758,"沒有技能
",
1759,"1 回合內，火、木、心符石兼具水符石效果；個人追打自身攻擊力 3.5 倍的水屬性攻擊 1 次
",
1760,"將 4 粒符石轉化為心強化符石 (隊伍成員屬性以外的屬性符石優先轉換)。隊伍中每多 1 個人類成員，額外將 1 粒符石轉化為心符石
","變身；1 回合內，全隊攻擊力 1.5 倍
"
1761,"將 4 粒符石轉化為心強化符石 (隊伍成員屬性以外的屬性符石優先轉換)。隊伍中每多 1 個人類成員，額外將 1 粒符石轉化為心強化符石
","1 回合內，自身攻擊力 6 倍 (攻擊力不可與其他成員共享)
"
1762,"1 回合內，以指定圖示的符石開始轉珠時，將觸發以下效果：剪刀：全隊攻擊力及回復力 1.6 倍；石頭：自身攻擊力 7 倍，自身攻擊無視敵人的防禦力；布：於發動攻擊前以 30 倍自身攻擊力對敵方全體造成木屬性傷害
","變身；所有符石轉化為強化符石
"
1763,"1 回合內，以指定圖示的符石開始轉珠時，將觸發以下效果：剪刀：全隊攻擊力及回復力 1.6 倍；石頭：自身攻擊力 7 倍，自身攻擊無視敵人的防禦力；布：於發動攻擊前以 30 倍自身攻擊力對敵方全體造成木屬性傷害
","引爆木以外的符石；所有符石轉化為強化符石。1 回合內，自身攻擊力 30 倍，其他成員不能發動攻擊，此傷害無視防禦力。全隊回復力 1.6 倍；於發動攻擊前以 30 倍自身攻擊力對敵方全體造成木屬性傷害。回合結束時，自身進入 2 回合瀕死狀態
"
1764,"自身攻擊力 4 倍，自身攻擊傷害可克制敵人；效果持續至首批消除 1 組 6 粒或以上的光符石
","變身；所有符石轉化為人族符石
"
1765,"自身攻擊力 4 倍，自身攻擊傷害可克制敵人；效果持續至首批消除 1 組 6 粒或以上的光符石
","2 回合內，每回合開始時扣除自身總生命力 20%；全隊攻擊力 2 倍；延長移動符石時間至 25 秒；期間隊伍不會被封鎖主動技能。隊伍中有 2 個或以上獵人 × 獵人系列成員時，將場上的符石變回原始模樣
"
1766,"將 4 粒符石轉化為暗強化符石 (心符石優先轉換)；1 回合內，個人以 25% 自身攻擊力追打光屬性攻擊 1 次
","變身；1 回合內，迴避敵人首次攻擊
"
1767,"將 4 粒符石轉化為暗強化符石 (心符石優先轉換)；1 回合內，個人追打光屬性攻擊 2 次
","所有符石轉化為強化符石，暗符石由左上方開始向右排列；1 回合內，連擊 (Combo) 數目增加 5
"
1768,"1 回合內，全隊攻擊力 1.2 倍，根據開始轉珠及結束轉珠的位置距離，提升全隊攻擊力，9 格距離可提升至最大 3 倍
",
1769,"2 回合內，使敵方全體無法行動；效果期間，於每回合結束時消耗敵方現有 10% 生命力
",
1770,"1 回合內，所有屬性符石兼具 50% 其他屬性符石效果；所有成員的攻擊傷害可克制敵人
",
1771,"1 回合內，所有敵人的攻擊力減至 50%，並將被減去的攻擊力加入自身攻擊力
",
1772,"水、火、木符石轉化為光符石，暗符石轉化為心符石；並將光及心符石轉化為強化符石；1 回合內，以 10% 自身攻擊力追打光屬性攻擊 10 次；下回合自身不能發動攻擊
",
1773,"8 秒內，可任意移動符石而不會發動消除；1 回合內，妖精類及魔族攻擊力 1.6 倍
","連續 3 回合回復 30% 總生命力
"
1774,"場上外側的符石轉化為水人族強化符石，若全隊均為水屬性人類成員，自身以外所有成員的主動技能 CD 減少 1
",
1775,"1 回合內，自身攻擊力倍化累積戰鬥回合數 (需消除符石)，最大 6 倍。發動技能後戰鬥回合數將會重新累積
",
1776,"2 回合內，每回合將隊伍成員屬性的符石轉化為妖族符石，消除 1 粒妖族符石可減少 10% 所受傷害，消除 8 粒可減少最多 80% 所受傷害
",
1777,"沒有技能
",
1778,"將隨機 2 個火屬性成員所在隊伍欄直行的符石分別轉化為 3 粒火強化符石及 2 粒心強化符石
",
1779,"1 回合內，自身不能對敵方造成傷害，減少 20% 所受傷害；下回合開始時，隨機 3 個人類成員所在直行的符石轉化為該成員屬性的符石
",
1780,"1 回合內，自身不能對敵方造成傷害，所受傷害減少 60%；下回合其他符石兼具 150% 水符石效果
",
1781,"1 回合內，自身不能對敵方造成傷害，減少 60% 所受傷害；下回合火屬性及人類成員攻擊力提升 2 倍，火屬性傷害可克制水屬性目標
",
1782,"1 回合內，自身不能對敵方造成傷害，減少 60% 所受傷害。下回合減少 90% 所受傷害，受到敵人的攻擊傷害時，以 50 倍自身攻擊力對其進行木屬性反擊，此傷害無視防禦力
",
1783,"1 回合內，自身不能對敵方造成傷害，減少 60% 所受傷害；回合結束時，將場上數量最多的 2 種屬性符石轉化為光人族強化符石
",
1784,,
1785,"沒有技能
",
1786,"將 9 粒符石轉化為 3 粒水強化、3 粒光強化及 3 粒心強化符石。1 回合內，合計消除的水、光或心符石愈多，自身攻擊力愈高，消除 15 粒可提升至最大 7 倍
","變身；將「累積戰鬥回合 (需消除符石) +6」數量的符石轉化為強化符石，最多 30 粒
"
1787,"將 9 粒符石轉化為 3 粒水強化、3 粒光強化及 3 粒心強化符石。1 回合內，合計消除的水、光或心符石愈多，自身攻擊力愈高，消除 15 粒可提升至最大 7 倍
","所有符石隨機轉化為水強化、光強化及心強化符石。1 回合內，合計消除的水、光或心符石愈多，自身攻擊力愈高，消除 30 粒可提升至最大 9 倍。下回合開始時，人類、妖精類及魔族成員所在直行的符石轉化為該成員屬性的強化符石
"
1788,"將 3 粒符石轉化為火符石 (心符石優先轉換)；1 回合內，自身攻擊轉化為水屬性；合計消除的水、火及木符石愈多，自身攻擊力愈高，消除 10 粒可提升至最大 5 倍
","變身；回合結束時將場上的符石變回發動技能時的火及心符石分佈
"
1789,"將 3 粒符石轉化為火符石 (心符石優先轉換)；1 回合內，自身攻擊轉化為水屬性；合計消除的水、火及木符石愈多，自身攻擊力愈高，消除 10 粒可提升至最大 5 倍
","1 回合內，以敵方攻擊力對敵方進行水屬性反擊，此傷害無視防禦力；所受傷害減少 90%
"
1790,"所有符石隨機轉換，同時木符石出現率上升，並將木符石以木妖族符石代替
","變身；「藏馬」以外的妖精及魔族成員的主動技能 CD 減少 1；1 回合內，可任意移動符石而不會發動消除
"
1791,"2 回合內，自身攻擊力 4 倍；若有擊斃敵人時，該回合不會扣減技能持續回合
","1 回合內，引爆最左及最右直行的符石，以掉落木妖族強化符石；並引爆其餘直行符石，以掉落強化符石；木屬性及妖精類攻擊力 2.5 倍
"
1792,"1 回合內，隊長及戰友所在直行的符石轉化為該成員屬性的符石；若隊長及戰友均為幽☆遊☆白書系列角色，全隊攻擊力 1.8 倍
",
1793,"木符石轉化為暗魔族符石，心符石轉化為火魔族符石
","變身；1 回合內，累積戰鬥回合數 (需消除符石) 愈多，所有符石兼具火及暗符石效果愈多，10 回合可兼具最多 100%
"
1794,"自身直行的符石轉化為暗魔族強化符石；隊伍中火屬性魔族成員所在直行的符石轉化為火魔族強化符石
","1 回合內，將移動符石時觸碰的首 8 粒符石轉化為暗魔族強化符石；自身攻擊力 15 倍 (攻擊力不可與其他成員共享)；將我方所受傷害直接轉化為我方生命力
"
1795,"水及光符石轉化為強化符石，暗符石轉化為心強化符石。1 回合內，自身對人類以外目標攻擊力提升 5 倍
",
1796,"1 回合內，減少 90% 所受傷害，將 5 粒符石轉化為心符石 (水及木符石優先轉換)
",
1797,"1 回合內，首次所受傷害不會使你死亡；下回合隨機將 6 粒符石轉化為暗符石，並將所有符石轉化為強化符石
",
1798,"點選 1 橫行及 1 直行的符石並引爆，以掉落魔族強化符石；1 回合內，消除符石後首 20 粒掉落的符石必定為火及暗符石
",
1799,"木符石轉化為妖族符石；1 回合內，吸收本回合敵人首次攻擊傷害，並以所吸收攻擊力的 50 倍對其進行木屬性反擊
",
1800,"凍結敵方全體，使受影響目標無法行動並轉為水屬性，持續 3 回合
",
1801,"沒有技能
",
1802,"首批消除 5 粒或以上暗符石，自身攻擊力 5.5 倍，其後每回合需要首批消除的暗符石數量 +1，達成條件時自身攻擊力額外提升 1.5 倍，最大 10 倍。效果持續至沒有達成條件
","將 4 粒符石轉化為暗強化符石 (心符石優先轉換)
"
1803,"光符石轉化為人族強化符石。1 回合內，合計消除 6 粒或以上的光或暗符石時，個人追打自身攻擊力 2 倍的暗屬性攻擊 3 次
","變身；1 回合內，消除所有附加效果，每消除 1 個效果，減少 25% 所受傷害，最多減少 100%
"
1804,"光符石轉化為人族強化符石。1 回合內，合計消除 6 粒或以上的光或暗符石時，個人追打自身攻擊力 2 倍的暗屬性攻擊 5 次。以 50% 敵方所受傷害分別對其他敵人造成傷害
","減少 20% 所受傷害，每回合結束時，對全體敵人造成 25 萬光屬性傷害 (需消除符石)，效果會在進入下一層數 (Wave) 時消失
"
1805,"所有木符石由左上方開始向下排序。1 回合內，每直行首批消除 1 組 5 粒或以上符石時，該直行將產生 2 粒木妖族符石
",
1806,"水符石轉化為妖族強化符石；1 回合內，消除妖族符石時，妖精類攻擊力 1.5 倍
",
1807,"1 回合內，凍結敵方全體，使受影響目標無法行動並轉為水屬性，效果期間延長移動符石時間 5 秒
",
1808,"所有符石轉化為魔族符石；1 回合內，消除符石的種類愈多，水屬性攻擊力提升愈多，最大提升至 2.2 倍
",
1809,"將累積戰鬥回合 (需要消除符石) +1 數量的符石轉化為自身屬性符石，最多 6 粒；若隊伍中有 3 個或以上機械族成員時，則轉化為自身屬性機械族符石。當累積至最多 6 粒時發動技能，自身攻擊力 2 倍。發動技能後可轉換符石數量將重新累積
",
1810,"自身生命力扣至 1，1 回合內將被扣減的生命力加入自身攻擊力 (攻擊力不可與其他成員共享)
",
1811,"沒有技能
",
1812,"沒有技能
",
1813,"沒有技能
",
1814,"2 回合內，光屬性及魔族攻擊力 2 倍；若隊伍中只有魔族成員時，無視全體敵人的防禦力
",
1815,"沒有技能
",
1816,"最頂 1 橫行的符石轉化為水強化符石；1 回合內，消除最底 1 橫行內的所有符石時，全隊攻擊力 2.5 倍
",
1817,"首批消除 5 粒或以上暗符石，自身攻擊力 5.5 倍，其後每回合需要首批消除的暗符石數量 +1，達成條件時自身攻擊力額外提升 1.5 倍，最大 10 倍。效果持續至沒有達成條件
","變身；完全回復生命力
"
1818,"達成 4 連擊 (Combo) 或以上時，個人追打光及暗屬性攻擊 1 次；達成 6 連擊 (Combo) 或以上時，自身攻擊力 3 倍；達成 8 連擊 (Combo) 或以上時，自身攻擊無視「固定連擊盾」。效果持續至沒有達成 4 連擊 (Combo) 或以上
",
1819,,
1820,"凍結敵方全體，使受影響目標無法行動並轉為水屬性，持續 3 回合
",
1821,"10 秒內，可任意移動符石而不會發動消除。1 回合內，消除 1 組 6 粒或以上的水符石，水屬性攻擊力 2 倍
",
1822,"引爆自身直行的符石以掉落水強化及心強化符石。若身旁的成員同為水屬性神族，同得此效果
",
1823,"10 秒內，可任意移動符石而不會發動消除。1 回合內，消除 1 組 6 粒或以上的火符石，火屬性攻擊力 2 倍
",
1824,"引爆自身直行的符石以掉落火強化及心強化符石。若身旁的成員同為火屬性神族，同得此效果
",
1825,"10 秒內，可任意移動符石而不會發動消除。1 回合內，消除 1 組 6 粒或以上的木符石，木屬性攻擊力 2 倍
",
1826,"引爆自身直行的符石以掉落木強化及心強化符石。若身旁的成員同為木屬性神族，同得此效果
",
1827,"10 秒內，可任意移動符石而不會發動消除。1 回合內，消除 1 組 6 粒或以上的光符石，光屬性攻擊力 2 倍
",
1828,"引爆自身直行的符石以掉落光強化及心強化符石。若身旁的成員同為光屬性神族，同得此效果
",
1829,"10 秒內，可任意移動符石而不會發動消除。1 回合內，消除 1 組 6 粒或以上的暗符石，暗屬性攻擊力 2 倍
",
1830,"引爆自身直行的符石以掉落暗強化及心強化符石。若身旁的成員同為暗屬性神族，同得此效果
",
1831,"隨機將 2 個機械族成員直行的符石轉化為水強化符石。若隊長及戰友均為機械族成員，1 回合內，隊長及戰友的攻擊力 2.5 倍
",
1832,"自身生命力扣至 1 (生命力為 1 時無法發動技能)。1 回合內，每直行首批消除 1 組 5 粒或以上符石時，必定產生 4 粒火強化符石；2 或以上直行首批消除 1 組 5 粒或以上符石時，完全回復生命力
",
1833,"將 5 粒符石轉化為心強化符石 (光及暗符石優先轉換)。1 回合內，心符石兼具 50% 木符石效果；隊伍中每多 1 個木屬性機械族成員，兼具效果額外提升 50%，最多可提升至 300%
",
1834,"1 回合內，獸類及機械族攻擊力 1.5 倍，無視全體敵人 80% 的防禦力；若發動技能時自身行動值達至 100%，攻擊力提升至 2 倍，並無視全體敵人的防禦力
",
1835,"光及心符石轉化為心強化符石，水及暗符石轉化為暗強化符石。發動技能時，若我方生命力為 1，1 回合內，自身攻擊力基值提升 2000 點 (不能疊加)
",
1836,"對單一敵人造成 10 倍水屬性傷害
",
1837,"將黑白符石變回原來色調；點選 2 直行的符石並引爆，以掉落水神族強化符石
",
1838,"對單一敵人造成 10 倍火屬性傷害
",
1839,"將黑白符石變回原來色調；1 回合內，必然延長移動符石時間 6 秒；自身攻擊力 6 倍；連擊 (Combo) 數目增加 6
",
1840,"對單一敵人造成 10 倍木屬性傷害
",
1841,"1 回合內，隊長及戰友攻擊力 4 倍；隊伍中每多 1 個神族成員，額外增加 1 回合效果，最多持續 5 回合
",
1842,"對單一敵人造成 10 倍光屬性傷害
",
1843,"1 回合內，同時消除光、暗及心符石時，全隊攻擊力 2.2 倍；隊伍中每多 1 個神族成員，額外增加 1 回合效果，最多持續 5 回合
",
1844,"對單一敵人造成 10 倍暗屬性傷害
",
1845,"將黑白符石變回原來色調；1 回合內，減少 50% 所受傷害；消除神族符石愈多，全隊攻擊力提升愈多，5 粒可提升至最大 2 倍
",
1846,"對單一敵人造成 10 倍水屬性傷害
",
1847,"1 回合內，每首批消除 2 粒水符石，將產生 1 粒水神族符石；隊伍中每多 1 個神族成員，額外增加 1 回合效果，最多持續 5 回合
",
1848,"對單一敵人造成 10 倍火屬性傷害
",
1849,"1 回合內，可任意移動符石而不會發動消除；隊伍中每多 1 個神族成員，額外增加 1 回合效果，最多持續 5 回合
",
1850,"對單一敵人造成 10 倍暗屬性傷害
",
1851,"1 回合內，神族攻擊力及回復力 1.5 倍；隊伍中每多 1 個神族成員，額外增加 1 回合效果，最多持續 5 回合
",
1852,"火符石轉化為心妖族強化符石
","引爆凍結及電擊符石，以掉落水強化符石
"
1853,"1 回合內，延長移動符石時間至 10 秒及火屬性攻擊力 1.5 倍，場上有其他附加效果時，火屬性獸類攻擊力則提升至 3 倍
",
1854,"將 7 個固定位置的符石轉化為光神族符石；1 回合內，以神族及魔族其中造成的最大傷害轉換為全隊神族及魔族的傷害
",
1855,"自身以外所有成員的攻擊力 2 倍。若隊伍中沒有「唯識無境 ‧ 梵天」，受到的傷害提升 1.5 倍。(效果會在再次發動此技能或死亡後消失)
",
1856,"若全隊均為神族成員：2 回合內，減少 80% 所受傷害，隊長及戰友攻擊力提升 3.5 倍；反之，2 回合內，減少 50% 所受傷害，隊長及戰友攻擊力提升 2 倍
",
1857,"隊伍中有人類、神族或魔族成員時，隨機將 15 粒符石轉化為強化符石，隊伍中齊集上述 3 個種族的成員時，則將所有符石轉化為強化符石；隊伍中有龍類、獸類或妖精類成員時，1 回合內，全隊攻擊力 2 倍，隊伍中齊集上述 3 個種族的成員時，則全隊攻擊力 2.5 倍；若隊伍中有機械族成員時，1 回合內，完全回復生命力及無視全體敵人的防禦力
",
1858,"木符石轉化為獸族強化符石，並對全體敵人造成 25 倍「獸類成員生命力等值」的木屬性傷害
",
1859,"水符石轉化為機械族符石
",
1860,"火符石轉化為機械族符石
",
1861,"木符石轉化為機械族符石
",
1862,"光符石轉化為機械族符石
",
1863,"暗符石轉化為機械族符石
",
1864,"1 回合內，延長移動符石時間至 10 秒，神族及妖精類攻擊力及回復力 1.5 倍；若隊伍中有 2 個或以上妖精類成員時，其他符石兼具 50% 水符石效果
",
1865,"1 回合內，隊伍生命力愈高，機械族成員攻擊力愈高及行動值提升愈多，生命力達 40000 點攻擊力可達至最大 2.2 倍及提升最多 40% 行動值
",
1866,"獸類成員所在直行的符石轉化為獸族符石；1 回合內，獸類成員追打自身攻擊力 2.5 倍的光屬性攻擊 1 次
",
1867,"引爆隊長及戰友所在直行的符石，以掉落獸族強化符石；1 回合內，獸類成員以 30% 自身攻擊力追打隨機屬性攻擊 3 次
",
1868,"沒有技能
",
1869,"沒有技能
",
1870,"沒有技能
",
1871,"沒有技能
",
1872,"3 回合內，生命力未滿時，根據隊伍中人類成員的數量，回復相應的生命力，6 個人類成員可回復最多 15000 點生命力
",
1873,"根據隊伍中水屬性成員的數量，回復相應的生命力，最多可回復 6000 點生命力
",
1874,"根據隊伍中火屬性成員的數量，回復相應的生命力，最多可回復 6000 點生命力
",
1875,"根據隊伍中木屬性成員的數量，回復相應的生命力，最多可回復 6000 點生命力
",
1876,"根據隊伍中光屬性成員的數量，回復相應的生命力，最多可回復 6000 點生命力
",
1877,"根據隊伍中暗屬性成員的數量，回復相應的生命力，最多可回復 6000 點生命力
",
1878,"1 回合內，光、暗及心符石同時兼具 50% 水、火及木符石效果；若發動技能時自身行動值達 50% 或以上時，兼具效果提升至 100%
","水屬性攻擊力 2.5 倍
"
1879,"連續引爆最底 1 橫行符石 3 次造成敵方全體火屬性傷害；1 回合內，自身攻擊力 3.5 倍
","火屬性攻擊力 2.5 倍
"
1880,"1 回合內，個人追打隨機屬性攻擊 3 次；消除 3 種或以上屬性符石時，全隊攻擊力 2 倍及回復 6000 點生命力
","木屬性攻擊力 2.5 倍
"
1881,,
1882,"1 回合內，首批 2 粒相連的符石可發動消除；若首批消除 25 粒或以上符石時，下回合所有符石隨機轉化為水、火、木、光及暗符石
","消除所有附加效果；1 回合內，所有成員對魔族及機械族目標攻擊力提升 3 倍
"
1883,"每次只能選取 1 個效果。效果1：最頂及最底 1 橫行的符石轉化為火強化符石；對敵方全體造成 800 萬火屬性傷害，此傷害無視防禦力及強化突破敵技。回合結束時，自身進入 1 回合疲憊狀態效果2：單數橫行的符石轉化為火強化符石；對敵方全體造成 1000 萬火屬性傷害，此傷害無視防禦力及強化突破敵技。回合結束時，2 回合內自身進入疲憊狀態及「華麗爆裂 ‧ 惠惠」以外人類及神族成員進入亢奮狀態。發動此技能時需儲滿龍脈儀及該回合不能發動龍刻脈動
",
1884,"引爆「美好世界」系列成員直行的符石以掉落強化符石，並隨機獲得以下一個效果。劍：1 回合內，全隊攻擊力 1.8 倍；胖次：1 回合內，全隊攻擊力及回復力 2 倍
",
1885,"心符石的掉落率降至 0，並將原有機率增加至光符石的掉落機率；減少 15% 所受傷害，每次受到敵人攻擊，減傷效果將提升 10%，最多可減傷 35% (效果會在關閉此技能或死亡後消失)。此技能可隨時關閉，關閉時，隨機將 8 粒符石轉化為心符石
",
1886,"自身攻擊力 1.5 倍，若隊伍中有 3 個或以上屬性成員時，自身攻擊轉化為水屬性及自身攻擊力提升至 3.5 倍 (效果會在關閉此技能或死亡後消失)。技能關閉時，凍結敵方全體，使受影響目標無法行動並轉為水屬性，持續 1 回合
",
1887,"引爆自身、隊長及戰友直行的符石；1 回合內，若場上有其他附加效果時，全隊攻擊力 2 倍
",
1888,"將 6 粒符石轉化為 3 粒火強化及 3 粒心強化符石 (隊伍成員屬性以外符石優先轉換)；隊伍中有「華麗爆裂 ‧ 惠惠」，可即時再次發動技能 (每層最多觸發 1 次)
",
1889,"暗、光及心符石分別轉化為水強化、火強化及木強化符石；1 回合內，自身對魔族攻擊力提升 5 倍
",
1890,"將 6 粒符石轉化為暗魔族符石 (暗及心以外符石優先轉換)；對單一敵人造成 80000 點火屬性傷害，此傷害無視防禦力
",
1891,"對 1 個人類敵人施以詛咒：每回合消耗敵人 15% 總生命力，效果持續至受到敵人攻擊
",
1892,"1 回合內，個人追打自身攻擊力 1.5 倍的隨機屬性攻擊 1 至 5 次，自身行動值達 100% 時，必定追打 5 次。隊伍中每多 1 個機械族成員可額外增加 1 回合效果，最多持續 6 回合
",
1893,"隨機 1 個人類及 1 個魔族成員直行的符石轉化為光強化符石；隨機 1 個神族及 1 個妖精類成員直行的符石轉化為心強化符石
",
1894,"隊伍中只有人類或神族時，下一次所受傷害不會使你死亡，並於該回合完結時完全回復生命力
",
1895,"所有符石轉化為魔族強化符石
",
1896,"引爆光及暗符石以掉落強化符石；2 回合內，移動符石後光及暗符石的掉落率降至 50%，並將原有機率增加至心符石的掉落機率
",
1897,"沒有技能
",
1898,"沒有技能
",
1899,"根據隊伍中水屬性成員的數量，回復相應的生命力，最多可回復 6000 點生命力
",
1900,"根據隊伍中火屬性成員的數量，回復相應的生命力，最多可回復 6000 點生命力
",
1901,"根據隊伍中木屬性成員的數量，回復相應的生命力，最多可回復 6000 點生命力
",
1902,"根據隊伍中光屬性成員的數量，回復相應的生命力，最多可回復 6000 點生命力
",
1903,"根據隊伍中暗屬性成員的數量，回復相應的生命力，最多可回復 6000 點生命力
",
1904,"2 回合內，隨機將 3 粒符石轉化為火強化符石，移動符石時觸碰的火符石轉化為獸族符石
",
1905,"木符石轉化為妖族符石。1 回合內，心符石兼具 50% 木符石效果；首批消除 5 種屬性符石時，自身主動技能 CD 減少 2
",
1906,,
1907,"光符石轉化為妖族符石。1 回合內，心符石兼具 50% 光符石效果；首批消除 5 種屬性符石時，自身主動技能 CD 減少 2
",
1908,"隨機將 3 粒木符石轉化為機械族強化符石
",
1909,"隨機將 3 粒火符石轉化為機械族強化符石
",
1910,"1 回合內，人類及機械族攻擊力及回復力 1.6 倍；首批掉落的 15 粒符石必定為水及心符石
",
1911,,
1912,,
1913,,
1914,,
1915,,
1916,"沒有技能
",
1917,"沒有技能
",
1918,"沒有技能
",
1919,"隨機引爆 3 個神族成員直行的符石，以掉落該直行成員屬性的強化符石
",
1920,"將最底 1 橫行的符石轉化為 3 粒光符石及 3 粒心符石，並將最左及最右方各 1 直行的 4 粒符石轉化為暗符石；技能發動回合若有擊斃敵人，於回合結束時完全回復生命力
",
1921,"3 回合內，無視全體敵人 75% 的防禦力
",
1922,"2 回合內，完全回復生命力，若於最後一層 (Wave) 發動此技能，獸類攻擊力 2.5 倍
",
1923,"3 回合內，無視全體敵人 75% 的防禦力
",
1924,"將 3 粒符石轉化為火符石 (心符石優先轉換)。1 回合內，自身攻擊力 8 倍 (攻擊力不可與其他成員共享)；若此技能為該回合最後發動的主動技能時，自身主動技能 CD 減少 3
",
1925,"3 回合內，無視全體敵人 75% 的防禦力
",
1926,"所有符石轉化為獸族強化符石。隊伍中只有獸類成員時，1 回合內，首批 1 粒符石即可發動消除
",
1927,"3 回合內，無視全體敵人 75% 的防禦力
",
1928,"10 秒內，可任意移動符石而不會發動消除。1 回合內，若隊長及戰友均為獸類成員時，全隊攻擊力 2.5 倍；消除 5 種屬性符石時，該回合所受傷害不會使你死亡
",
1929,"3 回合內，無視全體敵人 75% 的防禦力
",
1930,"發動技能時敵方全體生命力需為全滿：所有成員進入潛行模式及攻擊力提升 3 倍，效果持續至對敵人造成傷害 (效果持續期間技能不會冷卻)
",
1931,"3 回合內，無視全體敵人 75% 的防禦力
",
1932,"解除獸類及機械族成員被封鎖的技能 (此技能無視封鎖技能)。隨機將 3 個獸類及機械族成員直行的符石轉化為強化符石
",
1933,"3 回合內，無視全體敵人 75% 的防禦力
",
1934,"引爆獸類成員直行的符石，以掉落強化符石；1 回合內，消除光及暗符石時，個人追打光屬性攻擊 1 次。若此技能為該回合首個發動的主動技能時，自身主動技能 CD 減少 3
",
1935,"3 回合內，無視全體敵人 75% 的防禦力
",
1936,"1 回合內，每首批消除 1 組屬性符石，首批掉落 3 粒被其克制的屬性符石 (暗符石優先掉落)；若於最後一層 (Wave) 發動此技能，獸類攻擊力 2.5 倍
",
1937,"3 回合內，根據隊伍中獸類成員的數量，回復相應的生命力，6 個獸類成員可回復最多 15000 點生命力；於單數層數 (Wave) 發動此技能，此技能回復量 2 倍及最多可回復 30000 點生命力
",
1938,"引爆場上所有符石，以掉落該直行獸類成員屬性的符石，獸類以外成員直行的符石則隨機掉落
",
1939,"所有符石轉化為固定數量的光及暗符石；於雙數層數 (Wave) 發動此技能，則轉化為固定數量的光強化及暗強化符石
",
1940,"1 回合內，所有非強化符石轉化為強化符石；轉化的符石數量愈多，全隊攻擊力提升愈多，轉化 30 粒可提升至最大 2.8 倍
",
1941,"引爆自身、隨機 1 個火屬性獸類及 1 個木屬性獸類成員直行的符石；1 回合內，消除 6 粒或以上獸族符石時，獸類攻擊力 2.2 倍
",
1942,"心符石轉化為強化符石，水、火及木符石轉化為獸族符石。1 回合內，將掉落的水、火及木符石以獸族強化符石代替
",
1943,"1 回合內，個人追打自身攻擊力 3 倍的木屬性攻擊 2 次；發動技能時，若場上有獸族符石，技能效果變為持續 3 回合
",
1944,"15 秒，可任意移動符石而不會發動消除。1 回合內，人類及妖精類攻擊力 2 倍
",
1945,"沒有技能
",
1946,"2 回合內，暗屬性及妖精類的攻擊力及回復力 2 倍
","完全回復生命力。隊伍中只有妖精類成員時，1 回合內，首次所受傷害不會使你死亡
"
1947,"隨機 2 個妖精類成員直行的符石轉化為妖族符石。1 回合內，消除妖族符石愈多，全隊攻擊力提升愈多，消除 25 粒可提升至最大 3 倍
","變身；所有符石轉化為妖族符石
"
1948,"將 3 粒符石轉化為暗強化符石 (心符石優先轉換)，若隊伍中只有神族及妖精類成員，則轉化 6 粒暗強化符石
","變身；所有符石轉化為妖族符石；若隊伍中有「不赦惡神 ‧ 洛基」或「亡靈蝕骨 ‧ 洛基」，所有心符石轉化為暗強化符石
"
1949,"將 3 粒符石轉化為暗強化符石 (心符石優先轉換)，若隊伍中只有神族及妖精類成員，則轉化 6 粒暗強化符石
","3 回合內，心符石的掉落率降至 0，將原有機率增加至暗符石的掉落機率，並將掉落的暗符石以暗強化符石代替；首批消除暗符石愈多，神族及妖精類攻擊力提升愈多，首批消除 25 粒可提升至最大 3.5 倍
"
1950,"回復自身回復力 10 倍的生命力
",
1951,"回復自身回復力 10 倍的生命力
",
1952,"將 9 粒符石轉化為水強化符石 (火符石優先轉換)。1 回合內，首批消除所有水符石時，個人追打水屬性攻擊 9 次
",
1953,"1 回合內，自身及身旁成員的攻擊力 2.5 倍，若身旁的成員同為水屬性或魔族，該成員攻擊力提升至 5 倍
",
1954,"沒有技能
",
1955,"水符石轉化為強化符石，全隊攻擊力 2.5 倍及減少 50% 所受傷害，效果持續至受到敵人攻擊
",
1956,"敵方全體點燃，使受影響目標轉為火屬性及每回合以 30 倍自身攻擊力對敵方全體造成火屬性傷害，並持續至死亡；效果持續期間，自身攻擊力 5 倍
","引爆所有火屬性、龍類成員直行的符石，以掉落強化符石，並對敵方全體造成 150 萬火屬性傷害，此傷害無視防禦力；並延遲全體敵人行動 1 回合
"
1957,"1 回合內，隨機將 3 粒符石轉化為心符石；人類攻擊力及回復力 1.3 倍；首次使用後有一定機會可即時再次發動技能 (每層最多觸發 1 次)
",
1958,"1 回合內，以累積戰鬥回合數 (需消除符石) +1 的數量，轉化光人族符石 (水、光及心以外符石優先轉換)、額外增加連擊 (Combo) 數目及追打次數，最多可轉化 5 粒光人族符石、額外增加 5 連擊 (Combo) 及以 50% 自身攻擊力追打光屬性攻擊 5 次。發動技能後將累積戰鬥回合數重置
",
1959,"將自身及身旁直行 9 個指定位置的符石轉化為 6 粒暗強化符石及 3 粒暗符石；1 回合內，首批消除所有暗符石時，無視全體敵人的防禦力
",
1960,"隨機將 3 粒水符石四周的符石轉化為水強化符石；1 回合內，每消除 3 粒水符石，個人追打水屬性攻擊 1 次，最多追打 5 次
",
1961,"1 回合內，引爆心及暗符石，以掉落光人族強化符石；引爆的符石愈多，自身攻擊力愈高，引爆 14 粒可達至最高 8 倍 (攻擊力不可與其他成員共享)
",
1962,"3 回合內，將心及暗符石轉化為強化符石；所有成員百毒不侵；延長移動符石時間至 15 秒
",
1963,"隊伍中有水及光屬性成員才可發動此技能：所有符石轉化為固定數量及位置的 6 種符石
",
1964,"1 回合內，延長移動符石時間至 12 秒；引爆隊長及戰友直行的符石，以掉落火強化符石，並對敵方全體造成 200 萬火屬性傷害，此傷害無視防禦力
",
1965,"將敵方全體轉為暗屬性及防禦力減至 0，效果持續至敵人死亡；效果期間敵人所受到的暗屬性傷害提升 2.5 倍。將心及光符石轉化為暗強化符石；下回合開始時，自身直行的符石轉化為暗強化符石
",
1966,"隊伍中只有龍類成員才可發動此技能：1 回合內，其他屬性符石兼具 50% 暗符石效果 (可疊加)；自身攻擊力 10 倍；暗屬性龍類以外成員不能發動攻擊
",
1967,"以 200 倍自身攻擊力對敵方全體造成無屬性傷害；若隊伍中有 4 個或以上「FAIRY TAIL 公會成員」 (包括 FAIRY TAIL 石抽系列角色、梅比斯、馬卡羅夫、茱比亞及龐沙利利) 時，此傷害無視敵人技能
",
1968,"將最頂 1 橫行的符石轉化為木強化符石；1 回合內，單體攻擊轉化為全體攻擊；消除 3 種或以上屬性符石時，自身攻擊力 8 倍 (攻擊力不可與其他成員共享)
",
1969,"引爆暗符石，以掉落水強化符石；1 回合內，暗符石的掉落率降至 0，並將原有機率增加至水符石的掉落機率
",
1970,"1 回合內，全隊攻擊力 2.5 倍；減少 70% 所受傷害
",
1971,"5 回合內，將光符石轉化為妖族符石；全隊攻擊力 1.5 倍，「FAIRY TAIL 公會成員」(包括 FAIRY TAIL 石抽系列角色、梅比斯、馬卡羅夫、茱比亞及龐沙利利) 的攻擊力則 2.25 倍
",
1972,"沒有技能
",
1973,"沒有技能
",
1974,"消除 1 組 5 粒或以上的符石時，該回合全隊攻擊力提升：消除組數愈多，該回合全隊攻擊力提升愈多，消除 3 組可達至最大 2.6 倍，效果會在進入下一層數 (Wave) 時消失
",
1975,"自身直行的符石轉化為木獸族強化符石。隊伍中只有獸類成員時：於回合結束時於隨機將 3 粒自身直行的符石轉化為木獸族強化符石，效果持續至沒有消除獸族符石
",
1976,,
1977,,
1978,,
1979,"對敵方全體造成 20 倍光屬性傷害
",
1980,,
1981,"木屬性傷害可克制火及木屬性目標；每消除 1 組木符石，個人追打木屬性攻擊 1 次，最多 10 次 (效果會在關閉此技能或死亡後消失)。技能關閉時，當前技能 CD 減少 2 ，並將所有符石轉化為木強化符石
",
1982,"引爆場上所有風化符石及凍結符石；1 回合內，光屬性攻擊力及回復力 2.2 倍；當隊伍中所有成員的攻擊力基值相同時，所有符石兼具其他符石效果
",
1983,"將場上的符石變回原始模樣；點擊元素法陣上的符石 3 次，並將固定位置的符石轉化為所點擊的強化符石
",
1984,"隨機將 9 粒符石轉化為 3 粒光神族強化、3 粒暗神族強化及 3 粒心神族強化符石。1 回合內，連擊 (Combo) 數目增加 9
",
1985,"凍結敵方全體，使受影響目標無法行動並轉為水屬性，持續 3 回合
",
1986,"光符石轉化為光人族強化符石，其他符石轉化為光符石。若全隊均為光屬性人類成員，1 回合內，連擊 (Combo) 數目增加 5
",
1987,,
1988,,
1989,,
1990,,
1991,"火及心符石轉化為心強化符石，水及暗符石轉化為水強化符石；機械族成員的行動值提升 30%。若此時所有機械族成員的行動值達至 100%，自身主動技能 CD 減少 2
",
1992,"隨機將 2 個機械族成員直行的符石轉化為火強化符石；若隊長及戰友均為機械族時，1 回合內，隊長及戰友攻擊力 2.5 倍
",
1993,"電擊敵方全體，使受影響目標無法行動，持續 3 回合。效果期間機械族攻擊力 1.5 倍
",
1994,"暗及心符石轉化為心強化符石，光及火符石轉化為光強化符石。機械族成員的行動值提升 30%；若此時所有機械族成員的行動值達至 100%，自身主動技能 CD 減少 2
",
1995,"隨機將 2 個機械族成員直行的符石轉化為暗強化符石；若隊長及戰友均為機械族時，1 回合內，隊長及戰友攻擊力 2.5 倍
",
1996,,
1997,,
1998,,
1999,,
2000,,
2001,,
2002,,
2003,,
2004,,
2005,,
2006,"對敵方全體造成 3 倍水屬性傷害
",
2007,"3 回合內，首批掉落的 8 粒符石必定為水強化符石；技能持續時若所有機械族成員的行動值達至 100%，自身攻擊力 3 倍
",
2008,"對敵方全體造成 3 倍火屬性傷害
",
2009,"1 回合內，首批掉落的 15 粒符石必定為火強化符石；所有掉落的火符石必定相連
",
2010,"對敵方全體造成 3 倍木屬性傷害
",
2011,"引爆所有符石以掉落強化符石，每引爆 1 種屬性符石，1 回合內自身攻擊力額外提升 1 倍，最多可提升至 6 倍；消除 5 種屬性符石時，自身主動技能 CD 減少 3
",
2012,"對敵方全體造成 3 倍光屬性傷害
",
2013,"隨機 2 直行的符石轉化為該直行成員的種族強化符石；若隊伍中有 2 個或以上種族，所有符石轉化為該直行成員的種族強化符石
",
2014,"對敵方全體造成 3 倍暗屬性傷害
",
2015,"解除機械族成員被封鎖的技能 (此技能無視封鎖技能)。3 回合內，機械族成員的攻擊力及回復力 1.8 倍；發動技能時若所有機械族成員的行動值達至 100%，延長移動符石時間至 15 秒
",
2016,"對敵方全體造成 3 倍水屬性傷害
",
2017,"解除水屬性成員被封鎖的技能 (此技能無視封鎖技能)。敵方全體中毒，每回合將受到施技者攻擊力 10 倍的傷害，此傷害無視防禦力及屬性並持續到死亡
",
2018,"對敵方全體造成 3 倍木屬性傷害
",
2019,"1 回合內，機械族攻擊力及回復力 1.6 倍；回合結束時若「理想世界 ‧ 柏拉圖」及「乙太紛裂 ‧ 亞里士多德」的行動值達至 100% 時，自身主動技能 CD 減少 5
",
2020,"對敵方全體造成 3 倍暗屬性傷害
",
2021,"於下回合開始時將場上的符石變回發動技能時的分佈 (包括強化符石、種族符石)，效果持續 2 回合
",
2022,,
2023,,
2024,"1 回合內，自身攻擊力 5 倍 (攻擊力不可與其他成員共享)；發動技能時若「道德反詰法 ‧ 蘇格拉底」及「理想世界 ‧ 柏拉圖」的行動值達至 100% 時，自身攻擊力則提升至 10 倍
",
2025,,
2026,,
2027,,
2028,"隊伍中有 3 個或以上魔族成員時：連擊 (Combo) 時攻擊力提升 30%；回合結束時，將 3 粒符石轉化為魔族強化符石 (隊伍成員屬性符石優先轉換)，效果持續至沒有消除魔族符石
",
2029,,
2030,"15 秒內，可任意移動符石而不會發動消除；發動技能時，若我方生命力為 1，本回合發動技能的機械族成員的技能 CD 減少 2
",
2031,,
2032,,
2033,"心符石轉化為光機械族符石。1 回合內，每首批消除 1 粒機械族符石，可減少 10% 所受傷害，消除 8 粒可減少最多 80% 所受傷害
",
2034,,
2035,,
2036,,
2037,,
2038,,
2039,,
2040,,
2041,,
2042,,
2043,,
2044,,
2045,,
2046,,
2047,,
2048,,
2049,,
